schedule_name,state_order,state_id,st_id,op_index,category,category_label,callee,node_text
neutronics_kernel,1,1,1,1,axi_read,AXI-Lite read,,"entry:0 %p_read_1 = read i32 @_ssdm_op_Read.ap_auto.i32, i32 %p_read1"
neutronics_kernel,1,1,1,2,axi_read,AXI-Lite read,,"entry:1 %p_read_2 = read i32 @_ssdm_op_Read.ap_auto.i32, i32 %p_read"
neutronics_kernel,1,1,1,3,axi_read,AXI-Lite read,,"entry:2 %params_precursor_loop_tau_val_read = read i64 @_ssdm_op_Read.ap_auto.double, i64 %params_precursor_loop_tau_val"
neutronics_kernel,1,1,1,4,axi_read,AXI-Lite read,,"entry:3 %params_precursor_loop_efficiency_val_read = read i64 @_ssdm_op_Read.ap_auto.double, i64 %params_precursor_loop_efficiency_val"
neutronics_kernel,1,1,1,5,axi_read,AXI-Lite read,,"entry:4 %params_d_e_1_val93_read = read i64 @_ssdm_op_Read.ap_auto.double, i64 %params_d_e_1_val93"
neutronics_kernel,1,1,1,6,axi_read,AXI-Lite read,,"entry:5 %params_d_e_0_val89_read = read i64 @_ssdm_op_Read.ap_auto.double, i64 %params_d_e_0_val89"
neutronics_kernel,1,1,1,7,axi_read,AXI-Lite read,,"entry:6 %params_chi_d_1_val85_read = read i64 @_ssdm_op_Read.ap_auto.double, i64 %params_chi_d_1_val85"
neutronics_kernel,1,1,1,8,axi_read,AXI-Lite read,,"entry:7 %params_chi_d_0_val81_read = read i64 @_ssdm_op_Read.ap_auto.double, i64 %params_chi_d_0_val81"
neutronics_kernel,1,1,1,9,axi_read,AXI-Lite read,,"entry:8 %params_chi_p_1_val77_read = read i64 @_ssdm_op_Read.ap_auto.double, i64 %params_chi_p_1_val77"
neutronics_kernel,1,1,1,10,axi_read,AXI-Lite read,,"entry:9 %params_chi_p_0_val73_read = read i64 @_ssdm_op_Read.ap_auto.double, i64 %params_chi_p_0_val73"
neutronics_kernel,1,1,1,11,axi_read,AXI-Lite read,,"entry:10 %params_neutron_velocity_1_val69_read = read i64 @_ssdm_op_Read.ap_auto.double, i64 %params_neutron_velocity_1_val69"
neutronics_kernel,1,1,1,12,axi_read,AXI-Lite read,,"entry:11 %params_neutron_velocity_0_val65_read = read i64 @_ssdm_op_Read.ap_auto.double, i64 %params_neutron_velocity_0_val65"
neutronics_kernel,1,1,1,13,axi_read,AXI-Lite read,,"entry:12 %params_lambda_i_5_val_read = read i64 @_ssdm_op_Read.ap_auto.double, i64 %params_lambda_i_5_val"
neutronics_kernel,1,1,1,14,axi_read,AXI-Lite read,,"entry:13 %params_lambda_i_4_val_read = read i64 @_ssdm_op_Read.ap_auto.double, i64 %params_lambda_i_4_val"
neutronics_kernel,1,1,1,15,axi_read,AXI-Lite read,,"entry:14 %params_lambda_i_3_val_read = read i64 @_ssdm_op_Read.ap_auto.double, i64 %params_lambda_i_3_val"
neutronics_kernel,1,1,1,16,axi_read,AXI-Lite read,,"entry:15 %params_lambda_i_2_val_read = read i64 @_ssdm_op_Read.ap_auto.double, i64 %params_lambda_i_2_val"
neutronics_kernel,1,1,1,17,axi_read,AXI-Lite read,,"entry:16 %params_lambda_i_1_val_read = read i64 @_ssdm_op_Read.ap_auto.double, i64 %params_lambda_i_1_val"
neutronics_kernel,1,1,1,18,axi_read,AXI-Lite read,,"entry:17 %params_lambda_i_0_val_read = read i64 @_ssdm_op_Read.ap_auto.double, i64 %params_lambda_i_0_val"
neutronics_kernel,1,1,1,19,axi_read,AXI-Lite read,,"entry:18 %params_beta_5_val37_read = read i64 @_ssdm_op_Read.ap_auto.double, i64 %params_beta_5_val37"
neutronics_kernel,1,1,1,20,axi_read,AXI-Lite read,,"entry:19 %params_beta_4_val33_read = read i64 @_ssdm_op_Read.ap_auto.double, i64 %params_beta_4_val33"
neutronics_kernel,1,1,1,21,axi_read,AXI-Lite read,,"entry:20 %params_beta_3_val28_read = read i64 @_ssdm_op_Read.ap_auto.double, i64 %params_beta_3_val28"
neutronics_kernel,1,1,1,22,axi_read,AXI-Lite read,,"entry:21 %params_beta_2_val24_read = read i64 @_ssdm_op_Read.ap_auto.double, i64 %params_beta_2_val24"
neutronics_kernel,1,1,1,23,axi_read,AXI-Lite read,,"entry:22 %params_beta_1_val20_read = read i64 @_ssdm_op_Read.ap_auto.double, i64 %params_beta_1_val20"
neutronics_kernel,1,1,1,24,axi_read,AXI-Lite read,,"entry:23 %params_beta_0_val16_read = read i64 @_ssdm_op_Read.ap_auto.double, i64 %params_beta_0_val16"
neutronics_kernel,1,1,1,25,axi_read,AXI-Lite read,,"entry:24 %params_Beta_val12_read = read i64 @_ssdm_op_Read.ap_auto.double, i64 %params_Beta_val12"
neutronics_kernel,1,1,1,26,axi_read,AXI-Lite read,,"entry:25 %params_power_scale_val_read = read i64 @_ssdm_op_Read.ap_auto.double, i64 %params_power_scale_val"
neutronics_kernel,1,1,1,27,axi_read,AXI-Lite read,,"entry:26 %params_u_precursor_val8_read = read i64 @_ssdm_op_Read.ap_auto.double, i64 %params_u_precursor_val8"
neutronics_kernel,1,1,1,28,axi_read,AXI-Lite read,,"entry:27 %params_outer_dt_val_read = read i64 @_ssdm_op_Read.ap_auto.double, i64 %params_outer_dt_val"
neutronics_kernel,1,1,1,29,axi_read,AXI-Lite read,,"entry:28 %params_dz_val4_read = read i64 @_ssdm_op_Read.ap_auto.double, i64 %params_dz_val4"
neutronics_kernel,1,1,1,30,axi_read,AXI-Lite read,,"entry:29 %params_precursor_interp_newer_val_read = read i64 @_ssdm_op_Read.ap_auto.double, i64 %params_precursor_interp_newer_val"
neutronics_kernel,1,1,1,31,axi_read,AXI-Lite read,,"entry:30 %params_precursor_delay_newer_val_read = read i32 @_ssdm_op_Read.ap_auto.i32, i32 %params_precursor_delay_newer_val"
neutronics_kernel,1,1,1,32,axi_read,AXI-Lite read,,"entry:31 %params_precursor_delay_older_val_read = read i32 @_ssdm_op_Read.ap_auto.i32, i32 %params_precursor_delay_older_val"
neutronics_kernel,1,1,1,33,axi_read,AXI-Lite read,,"entry:32 %params_inlet_mode_val_read = read i32 @_ssdm_op_Read.ap_auto.i32, i32 %params_inlet_mode_val"
neutronics_kernel,1,1,1,34,other,Other,,entry:33 %k1_phi1 = alloca i64 1
neutronics_kernel,1,1,1,35,other,Other,,entry:34 %k1_phi1_1 = alloca i64 1
neutronics_kernel,1,1,1,36,other,Other,,entry:35 %k2_phi1 = alloca i64 1
neutronics_kernel,1,1,1,37,other,Other,,entry:36 %k2_phi1_1 = alloca i64 1
neutronics_kernel,1,1,1,38,other,Other,,entry:37 %k3_phi1 = alloca i64 1
neutronics_kernel,1,1,1,39,other,Other,,entry:38 %k3_phi1_1 = alloca i64 1
neutronics_kernel,1,1,1,40,other,Other,,entry:39 %k4_phi1 = alloca i64 1
neutronics_kernel,1,1,1,41,other,Other,,entry:40 %k4_phi1_1 = alloca i64 1
neutronics_kernel,1,1,1,42,other,Other,,entry:41 %k1_phi2 = alloca i64 1
neutronics_kernel,1,1,1,43,other,Other,,entry:42 %k1_phi2_1 = alloca i64 1
neutronics_kernel,1,1,1,44,other,Other,,entry:43 %k2_phi2 = alloca i64 1
neutronics_kernel,1,1,1,45,other,Other,,entry:44 %k2_phi2_1 = alloca i64 1
neutronics_kernel,1,1,1,46,other,Other,,entry:45 %k3_phi2 = alloca i64 1
neutronics_kernel,1,1,1,47,other,Other,,entry:46 %k3_phi2_1 = alloca i64 1
neutronics_kernel,1,1,1,48,other,Other,,entry:47 %k4_phi2 = alloca i64 1
neutronics_kernel,1,1,1,49,other,Other,,entry:48 %k4_phi2_1 = alloca i64 1
neutronics_kernel,1,1,1,50,other,Other,,entry:49 %k1_C = alloca i64 1
neutronics_kernel,1,1,1,51,other,Other,,entry:50 %k1_C_1 = alloca i64 1
neutronics_kernel,1,1,1,52,other,Other,,entry:51 %k1_C_2 = alloca i64 1
neutronics_kernel,1,1,1,53,other,Other,,entry:52 %k1_C_3 = alloca i64 1
neutronics_kernel,1,1,1,54,other,Other,,entry:53 %k1_C_4 = alloca i64 1
neutronics_kernel,1,1,1,55,other,Other,,entry:54 %k1_C_5 = alloca i64 1
neutronics_kernel,1,1,1,56,other,Other,,entry:55 %k1_C_6 = alloca i64 1
neutronics_kernel,1,1,1,57,other,Other,,entry:56 %k1_C_7 = alloca i64 1
neutronics_kernel,1,1,1,58,other,Other,,entry:57 %k1_C_8 = alloca i64 1
neutronics_kernel,1,1,1,59,other,Other,,entry:58 %k1_C_9 = alloca i64 1
neutronics_kernel,1,1,1,60,other,Other,,entry:59 %k1_C_10 = alloca i64 1
neutronics_kernel,1,1,1,61,other,Other,,entry:60 %k1_C_11 = alloca i64 1
neutronics_kernel,1,1,1,62,other,Other,,entry:61 %k2_C = alloca i64 1
neutronics_kernel,1,1,1,63,other,Other,,entry:62 %k2_C_1 = alloca i64 1
neutronics_kernel,1,1,1,64,other,Other,,entry:63 %k2_C_2 = alloca i64 1
neutronics_kernel,1,1,1,65,other,Other,,entry:64 %k2_C_3 = alloca i64 1
neutronics_kernel,1,1,1,66,other,Other,,entry:65 %k2_C_4 = alloca i64 1
neutronics_kernel,1,1,1,67,other,Other,,entry:66 %k2_C_5 = alloca i64 1
neutronics_kernel,1,1,1,68,other,Other,,entry:67 %k2_C_6 = alloca i64 1
neutronics_kernel,1,1,1,69,other,Other,,entry:68 %k2_C_7 = alloca i64 1
neutronics_kernel,1,1,1,70,other,Other,,entry:69 %k2_C_8 = alloca i64 1
neutronics_kernel,1,1,1,71,other,Other,,entry:70 %k2_C_9 = alloca i64 1
neutronics_kernel,1,1,1,72,other,Other,,entry:71 %k2_C_10 = alloca i64 1
neutronics_kernel,1,1,1,73,other,Other,,entry:72 %k2_C_11 = alloca i64 1
neutronics_kernel,1,1,1,74,other,Other,,entry:73 %k3_C = alloca i64 1
neutronics_kernel,1,1,1,75,other,Other,,entry:74 %k3_C_1 = alloca i64 1
neutronics_kernel,1,1,1,76,other,Other,,entry:75 %k3_C_2 = alloca i64 1
neutronics_kernel,1,1,1,77,other,Other,,entry:76 %k3_C_3 = alloca i64 1
neutronics_kernel,1,1,1,78,other,Other,,entry:77 %k3_C_4 = alloca i64 1
neutronics_kernel,1,1,1,79,other,Other,,entry:78 %k3_C_5 = alloca i64 1
neutronics_kernel,1,1,1,80,other,Other,,entry:79 %k3_C_6 = alloca i64 1
neutronics_kernel,1,1,1,81,other,Other,,entry:80 %k3_C_7 = alloca i64 1
neutronics_kernel,1,1,1,82,other,Other,,entry:81 %k3_C_8 = alloca i64 1
neutronics_kernel,1,1,1,83,other,Other,,entry:82 %k3_C_9 = alloca i64 1
neutronics_kernel,1,1,1,84,other,Other,,entry:83 %k3_C_10 = alloca i64 1
neutronics_kernel,1,1,1,85,other,Other,,entry:84 %k3_C_11 = alloca i64 1
neutronics_kernel,1,1,1,86,other,Other,,entry:85 %k4_C = alloca i64 1
neutronics_kernel,1,1,1,87,other,Other,,entry:86 %k4_C_1 = alloca i64 1
neutronics_kernel,1,1,1,88,other,Other,,entry:87 %k4_C_2 = alloca i64 1
neutronics_kernel,1,1,1,89,other,Other,,entry:88 %k4_C_3 = alloca i64 1
neutronics_kernel,1,1,1,90,other,Other,,entry:89 %k4_C_4 = alloca i64 1
neutronics_kernel,1,1,1,91,other,Other,,entry:90 %k4_C_5 = alloca i64 1
neutronics_kernel,1,1,1,92,other,Other,,entry:91 %k4_C_6 = alloca i64 1
neutronics_kernel,1,1,1,93,other,Other,,entry:92 %k4_C_7 = alloca i64 1
neutronics_kernel,1,1,1,94,other,Other,,entry:93 %k4_C_8 = alloca i64 1
neutronics_kernel,1,1,1,95,other,Other,,entry:94 %k4_C_9 = alloca i64 1
neutronics_kernel,1,1,1,96,other,Other,,entry:95 %k4_C_10 = alloca i64 1
neutronics_kernel,1,1,1,97,other,Other,,entry:96 %k4_C_11 = alloca i64 1
neutronics_kernel,1,1,1,98,other,Other,,entry:97 %phi1_stage = alloca i64 1
neutronics_kernel,1,1,1,99,other,Other,,entry:98 %phi1_stage_1 = alloca i64 1
neutronics_kernel,1,1,1,100,other,Other,,entry:99 %phi2_stage = alloca i64 1
neutronics_kernel,1,1,1,101,other,Other,,entry:100 %phi2_stage_1 = alloca i64 1
neutronics_kernel,1,1,1,102,other,Other,,entry:101 %C_stage = alloca i64 1
neutronics_kernel,1,1,1,103,other,Other,,entry:102 %C_stage_1 = alloca i64 1
neutronics_kernel,1,1,1,104,other,Other,,entry:103 %C_stage_2 = alloca i64 1
neutronics_kernel,1,1,1,105,other,Other,,entry:104 %C_stage_3 = alloca i64 1
neutronics_kernel,1,1,1,106,other,Other,,entry:105 %C_stage_4 = alloca i64 1
neutronics_kernel,1,1,1,107,other,Other,,entry:106 %C_stage_5 = alloca i64 1
neutronics_kernel,1,1,1,108,other,Other,,entry:107 %C_stage_6 = alloca i64 1
neutronics_kernel,1,1,1,109,other,Other,,entry:108 %C_stage_7 = alloca i64 1
neutronics_kernel,1,1,1,110,other,Other,,entry:109 %C_stage_8 = alloca i64 1
neutronics_kernel,1,1,1,111,other,Other,,entry:110 %C_stage_9 = alloca i64 1
neutronics_kernel,1,1,1,112,other,Other,,entry:111 %C_stage_10 = alloca i64 1
neutronics_kernel,1,1,1,113,other,Other,,entry:112 %C_stage_11 = alloca i64 1
neutronics_kernel,1,1,1,114,other,Other,,"entry:113 %switch_ln391 = switch i32 %params_inlet_mode_val_read, void %if.end17.i, i32 1, void %_ZN9msr_vitis25precursor_inlet_from_loopERKNS_12KernelParamsERKNS_16PrecursorHistoryEPd.exit, i32 2, void %for.body9.i"
neutronics_kernel,1,1,1,115,other,Other,,"if.end17.i:0 %sub_i = dsub i64 1, i64 %params_precursor_interp_newer_val_read"
neutronics_kernel,1,1,1,116,user_call,User call,sample_precursor_history,"if.end17.i:1 %older = call i64 @sample_precursor_history, i64 %state_precursor_history_outlet_history, i64 %state_precursor_history_last_outlet, i32 %p_read_2, i32 %p_read_1, i3 0, i32 %params_precursor_delay_older_val_read"
neutronics_kernel,2,2,2,1,other,Other,,"for.body9.i:0 %state_precursor_history_last_outlet_addr = getelementptr i64 %state_precursor_history_last_outlet, i64 0, i64 0"
neutronics_kernel,2,2,2,2,other,Other,,for.body9.i:1 %precursor_inlet_6 = load i3 %state_precursor_history_last_outlet_addr
neutronics_kernel,2,2,2,3,other,Other,,"for.body9.i:2 %state_precursor_history_last_outlet_addr_1 = getelementptr i64 %state_precursor_history_last_outlet, i64 0, i64 1"
neutronics_kernel,2,2,2,4,other,Other,,for.body9.i:3 %precursor_inlet_7 = load i3 %state_precursor_history_last_outlet_addr_1
neutronics_kernel,3,3,3,1,other,Other,,for.body9.i:1 %precursor_inlet_6 = load i3 %state_precursor_history_last_outlet_addr
neutronics_kernel,3,3,3,2,other,Other,,for.body9.i:3 %precursor_inlet_7 = load i3 %state_precursor_history_last_outlet_addr_1
neutronics_kernel,3,3,3,3,other,Other,,"for.body9.i:4 %state_precursor_history_last_outlet_addr_2 = getelementptr i64 %state_precursor_history_last_outlet, i64 0, i64 2"
neutronics_kernel,3,3,3,4,other,Other,,for.body9.i:5 %precursor_inlet_8 = load i3 %state_precursor_history_last_outlet_addr_2
neutronics_kernel,3,3,3,5,other,Other,,"for.body9.i:6 %state_precursor_history_last_outlet_addr_3 = getelementptr i64 %state_precursor_history_last_outlet, i64 0, i64 3"
neutronics_kernel,3,3,3,6,other,Other,,for.body9.i:7 %precursor_inlet_9 = load i3 %state_precursor_history_last_outlet_addr_3
neutronics_kernel,4,4,4,1,other,Other,,for.body9.i:5 %precursor_inlet_8 = load i3 %state_precursor_history_last_outlet_addr_2
neutronics_kernel,4,4,4,2,other,Other,,for.body9.i:7 %precursor_inlet_9 = load i3 %state_precursor_history_last_outlet_addr_3
neutronics_kernel,4,4,4,3,other,Other,,"for.body9.i:8 %state_precursor_history_last_outlet_addr_4 = getelementptr i64 %state_precursor_history_last_outlet, i64 0, i64 4"
neutronics_kernel,4,4,4,4,other,Other,,for.body9.i:9 %precursor_inlet_10 = load i3 %state_precursor_history_last_outlet_addr_4
neutronics_kernel,4,4,4,5,other,Other,,"for.body9.i:10 %state_precursor_history_last_outlet_addr_5 = getelementptr i64 %state_precursor_history_last_outlet, i64 0, i64 5"
neutronics_kernel,4,4,4,6,other,Other,,for.body9.i:11 %precursor_inlet_11 = load i3 %state_precursor_history_last_outlet_addr_5
neutronics_kernel,5,5,5,1,other,Other,,for.body9.i:9 %precursor_inlet_10 = load i3 %state_precursor_history_last_outlet_addr_4
neutronics_kernel,5,5,5,2,other,Other,,for.body9.i:11 %precursor_inlet_11 = load i3 %state_precursor_history_last_outlet_addr_5
neutronics_kernel,5,5,5,3,other,Other,,for.body9.i:12 %br_ln404 = br void %_ZN9msr_vitis25precursor_inlet_from_loopERKNS_12KernelParamsERKNS_16PrecursorHistoryEPd.exit
neutronics_kernel,5,5,5,4,other,Other,,"if.end17.i:12 %precursor_inlet = dmul i64 %mul26_i, i64 %tmp"
neutronics_kernel,5,5,5,5,other,Other,,"if.end17.i:48 %precursor_inlet_1 = dmul i64 %mul26_i_1, i64 %tmp_s"
neutronics_kernel,5,5,5,6,other,Other,,"if.end17.i:54 %precursor_inlet_2 = dmul i64 %mul26_i_2, i64 %tmp_1"
neutronics_kernel,5,5,5,7,other,Other,,"if.end17.i:60 %precursor_inlet_3 = dmul i64 %mul26_i_3, i64 %tmp_2"
neutronics_kernel,5,5,5,8,other,Other,,"if.end17.i:66 %precursor_inlet_4 = dmul i64 %mul26_i_4, i64 %tmp_3"
neutronics_kernel,5,5,5,9,other,Other,,"if.end17.i:72 %precursor_inlet_5 = dmul i64 %mul26_i_5, i64 %tmp_4"
neutronics_kernel,5,5,5,10,other,Other,,if.end17.i:73 %br_ln0 = br void %_ZN9msr_vitis25precursor_inlet_from_loopERKNS_12KernelParamsERKNS_16PrecursorHistoryEPd.exit
neutronics_kernel,5,5,5,11,other,Other,,"_ZN9msr_vitis25precursor_inlet_from_loopERKNS_12KernelParamsERKNS_16PrecursorHistoryEPd.exit:6 %mul = dmul i64 %params_outer_dt_val_read, i64 0.5"
neutronics_kernel,6,6,6,1,other,Other,,"if.end17.i:0 %sub_i = dsub i64 1, i64 %params_precursor_interp_newer_val_read"
neutronics_kernel,6,6,6,2,user_call,User call,sample_precursor_history,"if.end17.i:1 %older = call i64 @sample_precursor_history, i64 %state_precursor_history_outlet_history, i64 %state_precursor_history_last_outlet, i32 %p_read_2, i32 %p_read_1, i3 0, i32 %params_precursor_delay_older_val_read"
neutronics_kernel,7,7,7,1,other,Other,,"if.end17.i:0 %sub_i = dsub i64 1, i64 %params_precursor_interp_newer_val_read"
neutronics_kernel,7,7,7,2,user_call,User call,sample_precursor_history,"if.end17.i:2 %newer = call i64 @sample_precursor_history, i64 %state_precursor_history_outlet_history, i64 %state_precursor_history_last_outlet, i32 %p_read_2, i32 %p_read_1, i3 0, i32 %params_precursor_delay_newer_val_read"
neutronics_kernel,8,8,8,1,user_call,User call,sample_precursor_history,"if.end17.i:2 %newer = call i64 @sample_precursor_history, i64 %state_precursor_history_outlet_history, i64 %state_precursor_history_last_outlet, i32 %p_read_2, i32 %p_read_1, i3 0, i32 %params_precursor_delay_newer_val_read"
neutronics_kernel,8,8,8,2,other,Other,,"if.end17.i:3 %mul_i = dmul i64 %sub_i, i64 %older"
neutronics_kernel,8,8,8,3,other,Other,,"if.end17.i:4 %mul25_i = dmul i64 %newer, i64 %params_precursor_interp_newer_val_read"
neutronics_kernel,9,9,9,1,other,Other,,"if.end17.i:3 %mul_i = dmul i64 %sub_i, i64 %older"
neutronics_kernel,9,9,9,2,other,Other,,"if.end17.i:4 %mul25_i = dmul i64 %newer, i64 %params_precursor_interp_newer_val_read"
neutronics_kernel,9,9,9,3,user_call,User call,sample_precursor_history,"if.end17.i:13 %older_1 = call i64 @sample_precursor_history, i64 %state_precursor_history_outlet_history, i64 %state_precursor_history_last_outlet, i32 %p_read_2, i32 %p_read_1, i3 1, i32 %params_precursor_delay_older_val_read"
neutronics_kernel,10,10,10,1,other,Other,,"if.end17.i:3 %mul_i = dmul i64 %sub_i, i64 %older"
neutronics_kernel,10,10,10,2,other,Other,,"if.end17.i:4 %mul25_i = dmul i64 %newer, i64 %params_precursor_interp_newer_val_read"
neutronics_kernel,10,10,10,3,user_call,User call,sample_precursor_history,"if.end17.i:13 %older_1 = call i64 @sample_precursor_history, i64 %state_precursor_history_outlet_history, i64 %state_precursor_history_last_outlet, i32 %p_read_2, i32 %p_read_1, i3 1, i32 %params_precursor_delay_older_val_read"
neutronics_kernel,11,11,11,1,other,Other,,"if.end17.i:3 %mul_i = dmul i64 %sub_i, i64 %older"
neutronics_kernel,11,11,11,2,other,Other,,"if.end17.i:4 %mul25_i = dmul i64 %newer, i64 %params_precursor_interp_newer_val_read"
neutronics_kernel,11,11,11,3,user_call,User call,sample_precursor_history,"if.end17.i:14 %newer_1 = call i64 @sample_precursor_history, i64 %state_precursor_history_outlet_history, i64 %state_precursor_history_last_outlet, i32 %p_read_2, i32 %p_read_1, i3 1, i32 %params_precursor_delay_newer_val_read"
neutronics_kernel,12,12,12,1,other,Other,,"if.end17.i:5 %delayed = dadd i64 %mul_i, i64 %mul25_i"
neutronics_kernel,12,12,12,2,user_call,User call,sample_precursor_history,"if.end17.i:14 %newer_1 = call i64 @sample_precursor_history, i64 %state_precursor_history_outlet_history, i64 %state_precursor_history_last_outlet, i32 %p_read_2, i32 %p_read_1, i3 1, i32 %params_precursor_delay_newer_val_read"
neutronics_kernel,12,12,12,3,other,Other,,"if.end17.i:15 %mul_i_1 = dmul i64 %sub_i, i64 %older_1"
neutronics_kernel,12,12,12,4,other,Other,,"if.end17.i:16 %mul25_i_1 = dmul i64 %newer_1, i64 %params_precursor_interp_newer_val_read"
neutronics_kernel,13,13,13,1,other,Other,,"if.end17.i:5 %delayed = dadd i64 %mul_i, i64 %mul25_i"
neutronics_kernel,13,13,13,2,other,Other,,"if.end17.i:15 %mul_i_1 = dmul i64 %sub_i, i64 %older_1"
neutronics_kernel,13,13,13,3,other,Other,,"if.end17.i:16 %mul25_i_1 = dmul i64 %newer_1, i64 %params_precursor_interp_newer_val_read"
neutronics_kernel,13,13,13,4,user_call,User call,sample_precursor_history,"if.end17.i:19 %older_2 = call i64 @sample_precursor_history, i64 %state_precursor_history_outlet_history, i64 %state_precursor_history_last_outlet, i32 %p_read_2, i32 %p_read_1, i3 2, i32 %params_precursor_delay_older_val_read"
neutronics_kernel,14,14,14,1,other,Other,,"if.end17.i:5 %delayed = dadd i64 %mul_i, i64 %mul25_i"
neutronics_kernel,14,14,14,2,other,Other,,"if.end17.i:15 %mul_i_1 = dmul i64 %sub_i, i64 %older_1"
neutronics_kernel,14,14,14,3,other,Other,,"if.end17.i:16 %mul25_i_1 = dmul i64 %newer_1, i64 %params_precursor_interp_newer_val_read"
neutronics_kernel,14,14,14,4,user_call,User call,sample_precursor_history,"if.end17.i:19 %older_2 = call i64 @sample_precursor_history, i64 %state_precursor_history_outlet_history, i64 %state_precursor_history_last_outlet, i32 %p_read_2, i32 %p_read_1, i3 2, i32 %params_precursor_delay_older_val_read"
neutronics_kernel,15,15,15,1,other,Other,,"if.end17.i:15 %mul_i_1 = dmul i64 %sub_i, i64 %older_1"
neutronics_kernel,15,15,15,2,other,Other,,"if.end17.i:16 %mul25_i_1 = dmul i64 %newer_1, i64 %params_precursor_interp_newer_val_read"
neutronics_kernel,15,15,15,3,user_call,User call,sample_precursor_history,"if.end17.i:20 %newer_2 = call i64 @sample_precursor_history, i64 %state_precursor_history_outlet_history, i64 %state_precursor_history_last_outlet, i32 %p_read_2, i32 %p_read_1, i3 2, i32 %params_precursor_delay_newer_val_read"
neutronics_kernel,16,16,16,1,other,Other,,"if.end17.i:17 %delayed_1 = dadd i64 %mul_i_1, i64 %mul25_i_1"
neutronics_kernel,16,16,16,2,user_call,User call,sample_precursor_history,"if.end17.i:20 %newer_2 = call i64 @sample_precursor_history, i64 %state_precursor_history_outlet_history, i64 %state_precursor_history_last_outlet, i32 %p_read_2, i32 %p_read_1, i3 2, i32 %params_precursor_delay_newer_val_read"
neutronics_kernel,16,16,16,3,other,Other,,"if.end17.i:21 %mul_i_2 = dmul i64 %sub_i, i64 %older_2"
neutronics_kernel,16,16,16,4,other,Other,,"if.end17.i:22 %mul25_i_2 = dmul i64 %newer_2, i64 %params_precursor_interp_newer_val_read"
neutronics_kernel,17,17,17,1,other,Other,,"if.end17.i:17 %delayed_1 = dadd i64 %mul_i_1, i64 %mul25_i_1"
neutronics_kernel,17,17,17,2,other,Other,,"if.end17.i:21 %mul_i_2 = dmul i64 %sub_i, i64 %older_2"
neutronics_kernel,17,17,17,3,other,Other,,"if.end17.i:22 %mul25_i_2 = dmul i64 %newer_2, i64 %params_precursor_interp_newer_val_read"
neutronics_kernel,17,17,17,4,user_call,User call,sample_precursor_history,"if.end17.i:25 %older_3 = call i64 @sample_precursor_history, i64 %state_precursor_history_outlet_history, i64 %state_precursor_history_last_outlet, i32 %p_read_2, i32 %p_read_1, i3 3, i32 %params_precursor_delay_older_val_read"
neutronics_kernel,18,18,18,1,other,Other,,"if.end17.i:17 %delayed_1 = dadd i64 %mul_i_1, i64 %mul25_i_1"
neutronics_kernel,18,18,18,2,other,Other,,"if.end17.i:21 %mul_i_2 = dmul i64 %sub_i, i64 %older_2"
neutronics_kernel,18,18,18,3,other,Other,,"if.end17.i:22 %mul25_i_2 = dmul i64 %newer_2, i64 %params_precursor_interp_newer_val_read"
neutronics_kernel,18,18,18,4,user_call,User call,sample_precursor_history,"if.end17.i:25 %older_3 = call i64 @sample_precursor_history, i64 %state_precursor_history_outlet_history, i64 %state_precursor_history_last_outlet, i32 %p_read_2, i32 %p_read_1, i3 3, i32 %params_precursor_delay_older_val_read"
neutronics_kernel,19,19,19,1,other,Other,,"if.end17.i:21 %mul_i_2 = dmul i64 %sub_i, i64 %older_2"
neutronics_kernel,19,19,19,2,other,Other,,"if.end17.i:22 %mul25_i_2 = dmul i64 %newer_2, i64 %params_precursor_interp_newer_val_read"
neutronics_kernel,19,19,19,3,user_call,User call,sample_precursor_history,"if.end17.i:26 %newer_3 = call i64 @sample_precursor_history, i64 %state_precursor_history_outlet_history, i64 %state_precursor_history_last_outlet, i32 %p_read_2, i32 %p_read_1, i3 3, i32 %params_precursor_delay_newer_val_read"
neutronics_kernel,20,20,20,1,other,Other,,"if.end17.i:23 %delayed_2 = dadd i64 %mul_i_2, i64 %mul25_i_2"
neutronics_kernel,20,20,20,2,user_call,User call,sample_precursor_history,"if.end17.i:26 %newer_3 = call i64 @sample_precursor_history, i64 %state_precursor_history_outlet_history, i64 %state_precursor_history_last_outlet, i32 %p_read_2, i32 %p_read_1, i3 3, i32 %params_precursor_delay_newer_val_read"
neutronics_kernel,20,20,20,3,other,Other,,"if.end17.i:27 %mul_i_3 = dmul i64 %sub_i, i64 %older_3"
neutronics_kernel,20,20,20,4,other,Other,,"if.end17.i:28 %mul25_i_3 = dmul i64 %newer_3, i64 %params_precursor_interp_newer_val_read"
neutronics_kernel,21,21,21,1,other,Other,,"if.end17.i:23 %delayed_2 = dadd i64 %mul_i_2, i64 %mul25_i_2"
neutronics_kernel,21,21,21,2,other,Other,,"if.end17.i:27 %mul_i_3 = dmul i64 %sub_i, i64 %older_3"
neutronics_kernel,21,21,21,3,other,Other,,"if.end17.i:28 %mul25_i_3 = dmul i64 %newer_3, i64 %params_precursor_interp_newer_val_read"
neutronics_kernel,21,21,21,4,user_call,User call,sample_precursor_history,"if.end17.i:31 %older_4 = call i64 @sample_precursor_history, i64 %state_precursor_history_outlet_history, i64 %state_precursor_history_last_outlet, i32 %p_read_2, i32 %p_read_1, i3 4, i32 %params_precursor_delay_older_val_read"
neutronics_kernel,22,22,22,1,other,Other,,"if.end17.i:23 %delayed_2 = dadd i64 %mul_i_2, i64 %mul25_i_2"
neutronics_kernel,22,22,22,2,other,Other,,"if.end17.i:27 %mul_i_3 = dmul i64 %sub_i, i64 %older_3"
neutronics_kernel,22,22,22,3,other,Other,,"if.end17.i:28 %mul25_i_3 = dmul i64 %newer_3, i64 %params_precursor_interp_newer_val_read"
neutronics_kernel,22,22,22,4,user_call,User call,sample_precursor_history,"if.end17.i:31 %older_4 = call i64 @sample_precursor_history, i64 %state_precursor_history_outlet_history, i64 %state_precursor_history_last_outlet, i32 %p_read_2, i32 %p_read_1, i3 4, i32 %params_precursor_delay_older_val_read"
neutronics_kernel,23,23,23,1,other,Other,,"if.end17.i:27 %mul_i_3 = dmul i64 %sub_i, i64 %older_3"
neutronics_kernel,23,23,23,2,other,Other,,"if.end17.i:28 %mul25_i_3 = dmul i64 %newer_3, i64 %params_precursor_interp_newer_val_read"
neutronics_kernel,23,23,23,3,user_call,User call,sample_precursor_history,"if.end17.i:32 %newer_4 = call i64 @sample_precursor_history, i64 %state_precursor_history_outlet_history, i64 %state_precursor_history_last_outlet, i32 %p_read_2, i32 %p_read_1, i3 4, i32 %params_precursor_delay_newer_val_read"
neutronics_kernel,24,24,24,1,other,Other,,"if.end17.i:29 %delayed_3 = dadd i64 %mul_i_3, i64 %mul25_i_3"
neutronics_kernel,24,24,24,2,user_call,User call,sample_precursor_history,"if.end17.i:32 %newer_4 = call i64 @sample_precursor_history, i64 %state_precursor_history_outlet_history, i64 %state_precursor_history_last_outlet, i32 %p_read_2, i32 %p_read_1, i3 4, i32 %params_precursor_delay_newer_val_read"
neutronics_kernel,24,24,24,3,other,Other,,"if.end17.i:33 %mul_i_4 = dmul i64 %sub_i, i64 %older_4"
neutronics_kernel,24,24,24,4,other,Other,,"if.end17.i:34 %mul25_i_4 = dmul i64 %newer_4, i64 %params_precursor_interp_newer_val_read"
neutronics_kernel,25,25,25,1,other,Other,,"if.end17.i:29 %delayed_3 = dadd i64 %mul_i_3, i64 %mul25_i_3"
neutronics_kernel,25,25,25,2,other,Other,,"if.end17.i:33 %mul_i_4 = dmul i64 %sub_i, i64 %older_4"
neutronics_kernel,25,25,25,3,other,Other,,"if.end17.i:34 %mul25_i_4 = dmul i64 %newer_4, i64 %params_precursor_interp_newer_val_read"
neutronics_kernel,25,25,25,4,user_call,User call,sample_precursor_history,"if.end17.i:37 %older_5 = call i64 @sample_precursor_history, i64 %state_precursor_history_outlet_history, i64 %state_precursor_history_last_outlet, i32 %p_read_2, i32 %p_read_1, i3 5, i32 %params_precursor_delay_older_val_read"
neutronics_kernel,26,26,26,1,other,Other,,"if.end17.i:29 %delayed_3 = dadd i64 %mul_i_3, i64 %mul25_i_3"
neutronics_kernel,26,26,26,2,other,Other,,"if.end17.i:33 %mul_i_4 = dmul i64 %sub_i, i64 %older_4"
neutronics_kernel,26,26,26,3,other,Other,,"if.end17.i:34 %mul25_i_4 = dmul i64 %newer_4, i64 %params_precursor_interp_newer_val_read"
neutronics_kernel,26,26,26,4,user_call,User call,sample_precursor_history,"if.end17.i:37 %older_5 = call i64 @sample_precursor_history, i64 %state_precursor_history_outlet_history, i64 %state_precursor_history_last_outlet, i32 %p_read_2, i32 %p_read_1, i3 5, i32 %params_precursor_delay_older_val_read"
neutronics_kernel,26,26,26,5,other,Other,,"if.end17.i:39 %mul_i_5 = dmul i64 %sub_i, i64 %older_5"
neutronics_kernel,27,27,27,1,other,Other,,if.end17.i:7 %bitcast_ln417 = bitcast i64 %params_lambda_i_0_val_read
neutronics_kernel,27,27,27,2,other,Other,,"if.end17.i:8 %xor_ln417 = xor i64 %bitcast_ln417, i64 9223372036854775808"
neutronics_kernel,27,27,27,3,other,Other,,if.end17.i:9 %bitcast_ln417_1 = bitcast i64 %xor_ln417
neutronics_kernel,27,27,27,4,other,Other,,"if.end17.i:10 %mul30_i = dmul i64 %bitcast_ln417_1, i64 %params_precursor_loop_tau_val_read"
neutronics_kernel,27,27,27,5,other,Other,,"if.end17.i:33 %mul_i_4 = dmul i64 %sub_i, i64 %older_4"
neutronics_kernel,27,27,27,6,other,Other,,"if.end17.i:34 %mul25_i_4 = dmul i64 %newer_4, i64 %params_precursor_interp_newer_val_read"
neutronics_kernel,27,27,27,7,user_call,User call,sample_precursor_history,"if.end17.i:38 %newer_5 = call i64 @sample_precursor_history, i64 %state_precursor_history_outlet_history, i64 %state_precursor_history_last_outlet, i32 %p_read_2, i32 %p_read_1, i3 5, i32 %params_precursor_delay_newer_val_read"
neutronics_kernel,27,27,27,8,other,Other,,"if.end17.i:39 %mul_i_5 = dmul i64 %sub_i, i64 %older_5"
neutronics_kernel,27,27,27,9,other,Other,,if.end17.i:43 %bitcast_ln417_2 = bitcast i64 %params_lambda_i_1_val_read
neutronics_kernel,27,27,27,10,other,Other,,"if.end17.i:44 %xor_ln417_1 = xor i64 %bitcast_ln417_2, i64 9223372036854775808"
neutronics_kernel,27,27,27,11,other,Other,,if.end17.i:45 %bitcast_ln417_3 = bitcast i64 %xor_ln417_1
neutronics_kernel,27,27,27,12,other,Other,,"if.end17.i:46 %mul30_i_1 = dmul i64 %bitcast_ln417_3, i64 %params_precursor_loop_tau_val_read"
neutronics_kernel,27,27,27,13,other,Other,,if.end17.i:49 %bitcast_ln417_4 = bitcast i64 %params_lambda_i_2_val_read
neutronics_kernel,27,27,27,14,other,Other,,"if.end17.i:50 %xor_ln417_2 = xor i64 %bitcast_ln417_4, i64 9223372036854775808"
neutronics_kernel,27,27,27,15,other,Other,,if.end17.i:51 %bitcast_ln417_5 = bitcast i64 %xor_ln417_2
neutronics_kernel,27,27,27,16,other,Other,,"if.end17.i:52 %mul30_i_2 = dmul i64 %bitcast_ln417_5, i64 %params_precursor_loop_tau_val_read"
neutronics_kernel,27,27,27,17,other,Other,,if.end17.i:55 %bitcast_ln417_6 = bitcast i64 %params_lambda_i_3_val_read
neutronics_kernel,27,27,27,18,other,Other,,"if.end17.i:56 %xor_ln417_3 = xor i64 %bitcast_ln417_6, i64 9223372036854775808"
neutronics_kernel,27,27,27,19,other,Other,,if.end17.i:57 %bitcast_ln417_7 = bitcast i64 %xor_ln417_3
neutronics_kernel,27,27,27,20,other,Other,,"if.end17.i:58 %mul30_i_3 = dmul i64 %bitcast_ln417_7, i64 %params_precursor_loop_tau_val_read"
neutronics_kernel,27,27,27,21,other,Other,,if.end17.i:61 %bitcast_ln417_8 = bitcast i64 %params_lambda_i_4_val_read
neutronics_kernel,27,27,27,22,other,Other,,"if.end17.i:62 %xor_ln417_4 = xor i64 %bitcast_ln417_8, i64 9223372036854775808"
neutronics_kernel,27,27,27,23,other,Other,,if.end17.i:63 %bitcast_ln417_9 = bitcast i64 %xor_ln417_4
neutronics_kernel,27,27,27,24,other,Other,,"if.end17.i:64 %mul30_i_4 = dmul i64 %bitcast_ln417_9, i64 %params_precursor_loop_tau_val_read"
neutronics_kernel,27,27,27,25,other,Other,,if.end17.i:67 %bitcast_ln417_10 = bitcast i64 %params_lambda_i_5_val_read
neutronics_kernel,27,27,27,26,other,Other,,"if.end17.i:68 %xor_ln417_5 = xor i64 %bitcast_ln417_10, i64 9223372036854775808"
neutronics_kernel,27,27,27,27,other,Other,,if.end17.i:69 %bitcast_ln417_11 = bitcast i64 %xor_ln417_5
neutronics_kernel,27,27,27,28,other,Other,,"if.end17.i:70 %mul30_i_5 = dmul i64 %bitcast_ln417_11, i64 %params_precursor_loop_tau_val_read"
neutronics_kernel,28,28,28,1,other,Other,,"if.end17.i:10 %mul30_i = dmul i64 %bitcast_ln417_1, i64 %params_precursor_loop_tau_val_read"
neutronics_kernel,28,28,28,2,other,Other,,"if.end17.i:35 %delayed_4 = dadd i64 %mul_i_4, i64 %mul25_i_4"
neutronics_kernel,28,28,28,3,user_call,User call,sample_precursor_history,"if.end17.i:38 %newer_5 = call i64 @sample_precursor_history, i64 %state_precursor_history_outlet_history, i64 %state_precursor_history_last_outlet, i32 %p_read_2, i32 %p_read_1, i3 5, i32 %params_precursor_delay_newer_val_read"
neutronics_kernel,28,28,28,4,other,Other,,"if.end17.i:39 %mul_i_5 = dmul i64 %sub_i, i64 %older_5"
neutronics_kernel,28,28,28,5,other,Other,,"if.end17.i:40 %mul25_i_5 = dmul i64 %newer_5, i64 %params_precursor_interp_newer_val_read"
neutronics_kernel,28,28,28,6,other,Other,,"if.end17.i:46 %mul30_i_1 = dmul i64 %bitcast_ln417_3, i64 %params_precursor_loop_tau_val_read"
neutronics_kernel,28,28,28,7,other,Other,,"if.end17.i:52 %mul30_i_2 = dmul i64 %bitcast_ln417_5, i64 %params_precursor_loop_tau_val_read"
neutronics_kernel,28,28,28,8,other,Other,,"if.end17.i:58 %mul30_i_3 = dmul i64 %bitcast_ln417_7, i64 %params_precursor_loop_tau_val_read"
neutronics_kernel,28,28,28,9,other,Other,,"if.end17.i:64 %mul30_i_4 = dmul i64 %bitcast_ln417_9, i64 %params_precursor_loop_tau_val_read"
neutronics_kernel,28,28,28,10,other,Other,,"if.end17.i:70 %mul30_i_5 = dmul i64 %bitcast_ln417_11, i64 %params_precursor_loop_tau_val_read"
neutronics_kernel,29,29,29,1,other,Other,,"if.end17.i:10 %mul30_i = dmul i64 %bitcast_ln417_1, i64 %params_precursor_loop_tau_val_read"
neutronics_kernel,29,29,29,2,other,Other,,"if.end17.i:35 %delayed_4 = dadd i64 %mul_i_4, i64 %mul25_i_4"
neutronics_kernel,29,29,29,3,other,Other,,"if.end17.i:39 %mul_i_5 = dmul i64 %sub_i, i64 %older_5"
neutronics_kernel,29,29,29,4,other,Other,,"if.end17.i:40 %mul25_i_5 = dmul i64 %newer_5, i64 %params_precursor_interp_newer_val_read"
neutronics_kernel,29,29,29,5,other,Other,,"if.end17.i:46 %mul30_i_1 = dmul i64 %bitcast_ln417_3, i64 %params_precursor_loop_tau_val_read"
neutronics_kernel,29,29,29,6,other,Other,,"if.end17.i:52 %mul30_i_2 = dmul i64 %bitcast_ln417_5, i64 %params_precursor_loop_tau_val_read"
neutronics_kernel,29,29,29,7,other,Other,,"if.end17.i:58 %mul30_i_3 = dmul i64 %bitcast_ln417_7, i64 %params_precursor_loop_tau_val_read"
neutronics_kernel,29,29,29,8,other,Other,,"if.end17.i:64 %mul30_i_4 = dmul i64 %bitcast_ln417_9, i64 %params_precursor_loop_tau_val_read"
neutronics_kernel,29,29,29,9,other,Other,,"if.end17.i:70 %mul30_i_5 = dmul i64 %bitcast_ln417_11, i64 %params_precursor_loop_tau_val_read"
neutronics_kernel,30,30,30,1,other,Other,,"if.end17.i:10 %mul30_i = dmul i64 %bitcast_ln417_1, i64 %params_precursor_loop_tau_val_read"
neutronics_kernel,30,30,30,2,other,Other,,"if.end17.i:35 %delayed_4 = dadd i64 %mul_i_4, i64 %mul25_i_4"
neutronics_kernel,30,30,30,3,other,Other,,"if.end17.i:40 %mul25_i_5 = dmul i64 %newer_5, i64 %params_precursor_interp_newer_val_read"
neutronics_kernel,30,30,30,4,other,Other,,"if.end17.i:46 %mul30_i_1 = dmul i64 %bitcast_ln417_3, i64 %params_precursor_loop_tau_val_read"
neutronics_kernel,30,30,30,5,other,Other,,"if.end17.i:52 %mul30_i_2 = dmul i64 %bitcast_ln417_5, i64 %params_precursor_loop_tau_val_read"
neutronics_kernel,30,30,30,6,other,Other,,"if.end17.i:58 %mul30_i_3 = dmul i64 %bitcast_ln417_7, i64 %params_precursor_loop_tau_val_read"
neutronics_kernel,30,30,30,7,other,Other,,"if.end17.i:64 %mul30_i_4 = dmul i64 %bitcast_ln417_9, i64 %params_precursor_loop_tau_val_read"
neutronics_kernel,30,30,30,8,other,Other,,"if.end17.i:70 %mul30_i_5 = dmul i64 %bitcast_ln417_11, i64 %params_precursor_loop_tau_val_read"
neutronics_kernel,31,31,31,1,other,Other,,"if.end17.i:11 %tmp = dexp i64 @llvm.exp.f64, i64 %mul30_i"
neutronics_kernel,31,31,31,2,other,Other,,"if.end17.i:40 %mul25_i_5 = dmul i64 %newer_5, i64 %params_precursor_interp_newer_val_read"
neutronics_kernel,31,31,31,3,other,Other,,"if.end17.i:47 %tmp_s = dexp i64 @llvm.exp.f64, i64 %mul30_i_1"
neutronics_kernel,31,31,31,4,other,Other,,"if.end17.i:53 %tmp_1 = dexp i64 @llvm.exp.f64, i64 %mul30_i_2"
neutronics_kernel,31,31,31,5,other,Other,,"if.end17.i:59 %tmp_2 = dexp i64 @llvm.exp.f64, i64 %mul30_i_3"
neutronics_kernel,31,31,31,6,other,Other,,"if.end17.i:65 %tmp_3 = dexp i64 @llvm.exp.f64, i64 %mul30_i_4"
neutronics_kernel,31,31,31,7,other,Other,,"if.end17.i:71 %tmp_4 = dexp i64 @llvm.exp.f64, i64 %mul30_i_5"
neutronics_kernel,32,32,32,1,other,Other,,"if.end17.i:11 %tmp = dexp i64 @llvm.exp.f64, i64 %mul30_i"
neutronics_kernel,32,32,32,2,other,Other,,"if.end17.i:41 %delayed_5 = dadd i64 %mul_i_5, i64 %mul25_i_5"
neutronics_kernel,32,32,32,3,other,Other,,"if.end17.i:47 %tmp_s = dexp i64 @llvm.exp.f64, i64 %mul30_i_1"
neutronics_kernel,32,32,32,4,other,Other,,"if.end17.i:53 %tmp_1 = dexp i64 @llvm.exp.f64, i64 %mul30_i_2"
neutronics_kernel,32,32,32,5,other,Other,,"if.end17.i:59 %tmp_2 = dexp i64 @llvm.exp.f64, i64 %mul30_i_3"
neutronics_kernel,32,32,32,6,other,Other,,"if.end17.i:65 %tmp_3 = dexp i64 @llvm.exp.f64, i64 %mul30_i_4"
neutronics_kernel,32,32,32,7,other,Other,,"if.end17.i:71 %tmp_4 = dexp i64 @llvm.exp.f64, i64 %mul30_i_5"
neutronics_kernel,33,33,33,1,other,Other,,"if.end17.i:11 %tmp = dexp i64 @llvm.exp.f64, i64 %mul30_i"
neutronics_kernel,33,33,33,2,other,Other,,"if.end17.i:41 %delayed_5 = dadd i64 %mul_i_5, i64 %mul25_i_5"
neutronics_kernel,33,33,33,3,other,Other,,"if.end17.i:47 %tmp_s = dexp i64 @llvm.exp.f64, i64 %mul30_i_1"
neutronics_kernel,33,33,33,4,other,Other,,"if.end17.i:53 %tmp_1 = dexp i64 @llvm.exp.f64, i64 %mul30_i_2"
neutronics_kernel,33,33,33,5,other,Other,,"if.end17.i:59 %tmp_2 = dexp i64 @llvm.exp.f64, i64 %mul30_i_3"
neutronics_kernel,33,33,33,6,other,Other,,"if.end17.i:65 %tmp_3 = dexp i64 @llvm.exp.f64, i64 %mul30_i_4"
neutronics_kernel,33,33,33,7,other,Other,,"if.end17.i:71 %tmp_4 = dexp i64 @llvm.exp.f64, i64 %mul30_i_5"
neutronics_kernel,34,34,34,1,other,Other,,"if.end17.i:11 %tmp = dexp i64 @llvm.exp.f64, i64 %mul30_i"
neutronics_kernel,34,34,34,2,other,Other,,"if.end17.i:41 %delayed_5 = dadd i64 %mul_i_5, i64 %mul25_i_5"
neutronics_kernel,34,34,34,3,other,Other,,"if.end17.i:47 %tmp_s = dexp i64 @llvm.exp.f64, i64 %mul30_i_1"
neutronics_kernel,34,34,34,4,other,Other,,"if.end17.i:53 %tmp_1 = dexp i64 @llvm.exp.f64, i64 %mul30_i_2"
neutronics_kernel,34,34,34,5,other,Other,,"if.end17.i:59 %tmp_2 = dexp i64 @llvm.exp.f64, i64 %mul30_i_3"
neutronics_kernel,34,34,34,6,other,Other,,"if.end17.i:65 %tmp_3 = dexp i64 @llvm.exp.f64, i64 %mul30_i_4"
neutronics_kernel,34,34,34,7,other,Other,,"if.end17.i:71 %tmp_4 = dexp i64 @llvm.exp.f64, i64 %mul30_i_5"
neutronics_kernel,35,35,35,1,other,Other,,"if.end17.i:6 %mul26_i = dmul i64 %delayed, i64 %params_precursor_loop_efficiency_val_read"
neutronics_kernel,35,35,35,2,other,Other,,"if.end17.i:11 %tmp = dexp i64 @llvm.exp.f64, i64 %mul30_i"
neutronics_kernel,35,35,35,3,other,Other,,"if.end17.i:18 %mul26_i_1 = dmul i64 %delayed_1, i64 %params_precursor_loop_efficiency_val_read"
neutronics_kernel,35,35,35,4,other,Other,,"if.end17.i:24 %mul26_i_2 = dmul i64 %delayed_2, i64 %params_precursor_loop_efficiency_val_read"
neutronics_kernel,35,35,35,5,other,Other,,"if.end17.i:30 %mul26_i_3 = dmul i64 %delayed_3, i64 %params_precursor_loop_efficiency_val_read"
neutronics_kernel,35,35,35,6,other,Other,,"if.end17.i:36 %mul26_i_4 = dmul i64 %delayed_4, i64 %params_precursor_loop_efficiency_val_read"
neutronics_kernel,35,35,35,7,other,Other,,"if.end17.i:42 %mul26_i_5 = dmul i64 %delayed_5, i64 %params_precursor_loop_efficiency_val_read"
neutronics_kernel,35,35,35,8,other,Other,,"if.end17.i:47 %tmp_s = dexp i64 @llvm.exp.f64, i64 %mul30_i_1"
neutronics_kernel,35,35,35,9,other,Other,,"if.end17.i:53 %tmp_1 = dexp i64 @llvm.exp.f64, i64 %mul30_i_2"
neutronics_kernel,35,35,35,10,other,Other,,"if.end17.i:59 %tmp_2 = dexp i64 @llvm.exp.f64, i64 %mul30_i_3"
neutronics_kernel,35,35,35,11,other,Other,,"if.end17.i:65 %tmp_3 = dexp i64 @llvm.exp.f64, i64 %mul30_i_4"
neutronics_kernel,35,35,35,12,other,Other,,"if.end17.i:71 %tmp_4 = dexp i64 @llvm.exp.f64, i64 %mul30_i_5"
neutronics_kernel,36,36,36,1,other,Other,,"if.end17.i:6 %mul26_i = dmul i64 %delayed, i64 %params_precursor_loop_efficiency_val_read"
neutronics_kernel,36,36,36,2,other,Other,,"if.end17.i:11 %tmp = dexp i64 @llvm.exp.f64, i64 %mul30_i"
neutronics_kernel,36,36,36,3,other,Other,,"if.end17.i:18 %mul26_i_1 = dmul i64 %delayed_1, i64 %params_precursor_loop_efficiency_val_read"
neutronics_kernel,36,36,36,4,other,Other,,"if.end17.i:24 %mul26_i_2 = dmul i64 %delayed_2, i64 %params_precursor_loop_efficiency_val_read"
neutronics_kernel,36,36,36,5,other,Other,,"if.end17.i:30 %mul26_i_3 = dmul i64 %delayed_3, i64 %params_precursor_loop_efficiency_val_read"
neutronics_kernel,36,36,36,6,other,Other,,"if.end17.i:36 %mul26_i_4 = dmul i64 %delayed_4, i64 %params_precursor_loop_efficiency_val_read"
neutronics_kernel,36,36,36,7,other,Other,,"if.end17.i:42 %mul26_i_5 = dmul i64 %delayed_5, i64 %params_precursor_loop_efficiency_val_read"
neutronics_kernel,36,36,36,8,other,Other,,"if.end17.i:47 %tmp_s = dexp i64 @llvm.exp.f64, i64 %mul30_i_1"
neutronics_kernel,36,36,36,9,other,Other,,"if.end17.i:53 %tmp_1 = dexp i64 @llvm.exp.f64, i64 %mul30_i_2"
neutronics_kernel,36,36,36,10,other,Other,,"if.end17.i:59 %tmp_2 = dexp i64 @llvm.exp.f64, i64 %mul30_i_3"
neutronics_kernel,36,36,36,11,other,Other,,"if.end17.i:65 %tmp_3 = dexp i64 @llvm.exp.f64, i64 %mul30_i_4"
neutronics_kernel,36,36,36,12,other,Other,,"if.end17.i:71 %tmp_4 = dexp i64 @llvm.exp.f64, i64 %mul30_i_5"
neutronics_kernel,37,37,37,1,other,Other,,"if.end17.i:6 %mul26_i = dmul i64 %delayed, i64 %params_precursor_loop_efficiency_val_read"
neutronics_kernel,37,37,37,2,other,Other,,"if.end17.i:11 %tmp = dexp i64 @llvm.exp.f64, i64 %mul30_i"
neutronics_kernel,37,37,37,3,other,Other,,"if.end17.i:18 %mul26_i_1 = dmul i64 %delayed_1, i64 %params_precursor_loop_efficiency_val_read"
neutronics_kernel,37,37,37,4,other,Other,,"if.end17.i:24 %mul26_i_2 = dmul i64 %delayed_2, i64 %params_precursor_loop_efficiency_val_read"
neutronics_kernel,37,37,37,5,other,Other,,"if.end17.i:30 %mul26_i_3 = dmul i64 %delayed_3, i64 %params_precursor_loop_efficiency_val_read"
neutronics_kernel,37,37,37,6,other,Other,,"if.end17.i:36 %mul26_i_4 = dmul i64 %delayed_4, i64 %params_precursor_loop_efficiency_val_read"
neutronics_kernel,37,37,37,7,other,Other,,"if.end17.i:42 %mul26_i_5 = dmul i64 %delayed_5, i64 %params_precursor_loop_efficiency_val_read"
neutronics_kernel,37,37,37,8,other,Other,,"if.end17.i:47 %tmp_s = dexp i64 @llvm.exp.f64, i64 %mul30_i_1"
neutronics_kernel,37,37,37,9,other,Other,,"if.end17.i:53 %tmp_1 = dexp i64 @llvm.exp.f64, i64 %mul30_i_2"
neutronics_kernel,37,37,37,10,other,Other,,"if.end17.i:59 %tmp_2 = dexp i64 @llvm.exp.f64, i64 %mul30_i_3"
neutronics_kernel,37,37,37,11,other,Other,,"if.end17.i:65 %tmp_3 = dexp i64 @llvm.exp.f64, i64 %mul30_i_4"
neutronics_kernel,37,37,37,12,other,Other,,"if.end17.i:71 %tmp_4 = dexp i64 @llvm.exp.f64, i64 %mul30_i_5"
neutronics_kernel,38,38,38,1,other,Other,,"if.end17.i:6 %mul26_i = dmul i64 %delayed, i64 %params_precursor_loop_efficiency_val_read"
neutronics_kernel,38,38,38,2,other,Other,,"if.end17.i:11 %tmp = dexp i64 @llvm.exp.f64, i64 %mul30_i"
neutronics_kernel,38,38,38,3,other,Other,,"if.end17.i:18 %mul26_i_1 = dmul i64 %delayed_1, i64 %params_precursor_loop_efficiency_val_read"
neutronics_kernel,38,38,38,4,other,Other,,"if.end17.i:24 %mul26_i_2 = dmul i64 %delayed_2, i64 %params_precursor_loop_efficiency_val_read"
neutronics_kernel,38,38,38,5,other,Other,,"if.end17.i:30 %mul26_i_3 = dmul i64 %delayed_3, i64 %params_precursor_loop_efficiency_val_read"
neutronics_kernel,38,38,38,6,other,Other,,"if.end17.i:36 %mul26_i_4 = dmul i64 %delayed_4, i64 %params_precursor_loop_efficiency_val_read"
neutronics_kernel,38,38,38,7,other,Other,,"if.end17.i:42 %mul26_i_5 = dmul i64 %delayed_5, i64 %params_precursor_loop_efficiency_val_read"
neutronics_kernel,38,38,38,8,other,Other,,"if.end17.i:47 %tmp_s = dexp i64 @llvm.exp.f64, i64 %mul30_i_1"
neutronics_kernel,38,38,38,9,other,Other,,"if.end17.i:53 %tmp_1 = dexp i64 @llvm.exp.f64, i64 %mul30_i_2"
neutronics_kernel,38,38,38,10,other,Other,,"if.end17.i:59 %tmp_2 = dexp i64 @llvm.exp.f64, i64 %mul30_i_3"
neutronics_kernel,38,38,38,11,other,Other,,"if.end17.i:65 %tmp_3 = dexp i64 @llvm.exp.f64, i64 %mul30_i_4"
neutronics_kernel,38,38,38,12,other,Other,,"if.end17.i:71 %tmp_4 = dexp i64 @llvm.exp.f64, i64 %mul30_i_5"
neutronics_kernel,39,39,39,1,other,Other,,"if.end17.i:12 %precursor_inlet = dmul i64 %mul26_i, i64 %tmp"
neutronics_kernel,39,39,39,2,other,Other,,"if.end17.i:48 %precursor_inlet_1 = dmul i64 %mul26_i_1, i64 %tmp_s"
neutronics_kernel,39,39,39,3,other,Other,,"if.end17.i:54 %precursor_inlet_2 = dmul i64 %mul26_i_2, i64 %tmp_1"
neutronics_kernel,39,39,39,4,other,Other,,"if.end17.i:60 %precursor_inlet_3 = dmul i64 %mul26_i_3, i64 %tmp_2"
neutronics_kernel,39,39,39,5,other,Other,,"if.end17.i:66 %precursor_inlet_4 = dmul i64 %mul26_i_4, i64 %tmp_3"
neutronics_kernel,39,39,39,6,other,Other,,"if.end17.i:72 %precursor_inlet_5 = dmul i64 %mul26_i_5, i64 %tmp_4"
neutronics_kernel,40,40,40,1,other,Other,,"if.end17.i:12 %precursor_inlet = dmul i64 %mul26_i, i64 %tmp"
neutronics_kernel,40,40,40,2,other,Other,,"if.end17.i:48 %precursor_inlet_1 = dmul i64 %mul26_i_1, i64 %tmp_s"
neutronics_kernel,40,40,40,3,other,Other,,"if.end17.i:54 %precursor_inlet_2 = dmul i64 %mul26_i_2, i64 %tmp_1"
neutronics_kernel,40,40,40,4,other,Other,,"if.end17.i:60 %precursor_inlet_3 = dmul i64 %mul26_i_3, i64 %tmp_2"
neutronics_kernel,40,40,40,5,other,Other,,"if.end17.i:66 %precursor_inlet_4 = dmul i64 %mul26_i_4, i64 %tmp_3"
neutronics_kernel,40,40,40,6,other,Other,,"if.end17.i:72 %precursor_inlet_5 = dmul i64 %mul26_i_5, i64 %tmp_4"
neutronics_kernel,41,41,41,1,other,Other,,"if.end17.i:12 %precursor_inlet = dmul i64 %mul26_i, i64 %tmp"
neutronics_kernel,41,41,41,2,other,Other,,"if.end17.i:48 %precursor_inlet_1 = dmul i64 %mul26_i_1, i64 %tmp_s"
neutronics_kernel,41,41,41,3,other,Other,,"if.end17.i:54 %precursor_inlet_2 = dmul i64 %mul26_i_2, i64 %tmp_1"
neutronics_kernel,41,41,41,4,other,Other,,"if.end17.i:60 %precursor_inlet_3 = dmul i64 %mul26_i_3, i64 %tmp_2"
neutronics_kernel,41,41,41,5,other,Other,,"if.end17.i:66 %precursor_inlet_4 = dmul i64 %mul26_i_4, i64 %tmp_3"
neutronics_kernel,41,41,41,6,other,Other,,"if.end17.i:72 %precursor_inlet_5 = dmul i64 %mul26_i_5, i64 %tmp_4"
neutronics_kernel,42,42,42,1,other,Other,,"_ZN9msr_vitis25precursor_inlet_from_loopERKNS_12KernelParamsERKNS_16PrecursorHistoryEPd.exit:0 %precursor_inlet_17 = phi i64 %precursor_inlet_5, void %if.end17.i, i64 %precursor_inlet_11, void %for.body9.i, i64 0, void %entry"
neutronics_kernel,42,42,42,2,other,Other,,"_ZN9msr_vitis25precursor_inlet_from_loopERKNS_12KernelParamsERKNS_16PrecursorHistoryEPd.exit:1 %precursor_inlet_16 = phi i64 %precursor_inlet_4, void %if.end17.i, i64 %precursor_inlet_10, void %for.body9.i, i64 0, void %entry"
neutronics_kernel,42,42,42,3,other,Other,,"_ZN9msr_vitis25precursor_inlet_from_loopERKNS_12KernelParamsERKNS_16PrecursorHistoryEPd.exit:2 %precursor_inlet_15 = phi i64 %precursor_inlet_3, void %if.end17.i, i64 %precursor_inlet_9, void %for.body9.i, i64 0, void %entry"
neutronics_kernel,42,42,42,4,other,Other,,"_ZN9msr_vitis25precursor_inlet_from_loopERKNS_12KernelParamsERKNS_16PrecursorHistoryEPd.exit:3 %precursor_inlet_14 = phi i64 %precursor_inlet_2, void %if.end17.i, i64 %precursor_inlet_8, void %for.body9.i, i64 0, void %entry"
neutronics_kernel,42,42,42,5,other,Other,,"_ZN9msr_vitis25precursor_inlet_from_loopERKNS_12KernelParamsERKNS_16PrecursorHistoryEPd.exit:4 %precursor_inlet_13 = phi i64 %precursor_inlet_1, void %if.end17.i, i64 %precursor_inlet_7, void %for.body9.i, i64 0, void %entry"
neutronics_kernel,42,42,42,6,other,Other,,"_ZN9msr_vitis25precursor_inlet_from_loopERKNS_12KernelParamsERKNS_16PrecursorHistoryEPd.exit:5 %precursor_inlet_12 = phi i64 %precursor_inlet, void %if.end17.i, i64 %precursor_inlet_6, void %for.body9.i, i64 0, void %entry"
neutronics_kernel,42,42,42,7,other,Other,,"_ZN9msr_vitis25precursor_inlet_from_loopERKNS_12KernelParamsERKNS_16PrecursorHistoryEPd.exit:6 %mul = dmul i64 %params_outer_dt_val_read, i64 0.5"
neutronics_kernel,42,42,42,8,user_call,User call,neutronics_rhs,"_ZN9msr_vitis25precursor_inlet_from_loopERKNS_12KernelParamsERKNS_16PrecursorHistoryEPd.exit:7 %call_ln753 = call void @neutronics_rhs, i64 %params_dz_val4_read, i64 %params_u_precursor_val8_read, i64 %params_Beta_val12_read, i64 %params_beta_0_val16_read, i64 %params_beta_1_val20_read, i64 %params_beta_2_val24_read, i64 %params_beta_3_val28_read, i64 %params_beta_4_val33_read, i64 %params_beta_5_val37_read, i64 %params_lambda_i_0_val_read, i64 %params_lambda_i_1_val_read, i64 %params_lambda_i_2_val_read, i64 %params_lambda_i_3_val_read, i64 %params_lambda_i_4_val_read, i64 %params_lambda_i_5_val_read, i64 %params_neutron_velocity_0_val65_read, i64 %params_neutron_velocity_1_val69_read, i64 %params_chi_p_0_val73_read, i64 %params_chi_p_1_val77_read, i64 %params_chi_d_0_val81_read, i64 %params_chi_d_1_val85_read, i64 %params_d_e_0_val89_read, i64 %params_d_e_1_val93_read, i64 %xs_D_0_0, i64 %xs_D_0_1, i64 %xs_D_1_0, i64 %xs_D_1_1, i64 %xs_sigma_s12_0, i64 %xs_sigma_s12_1, i64 %xs_nu_sigma_f_0_0, i64 %xs_nu_sigma_f_0_1, i64 %xs_nu_sigma_f_1_0, i64 %xs_nu_sigma_f_1_1, i64 %xs_sigma_r_0_0, i64 %xs_sigma_r_0_1, i64 %xs_sigma_r_1_0, i64 %xs_sigma_r_1_1, i64 %precursor_inlet_12, i64 %precursor_inlet_13, i64 %precursor_inlet_14, i64 %precursor_inlet_15, i64 %precursor_inlet_16, i64 %precursor_inlet_17, i64 %state_phi1_0, i64 %state_phi1_1, i64 %state_phi2_0, i64 %state_phi2_1, i64 %state_C_0_0, i64 %state_C_0_1, i64 %state_C_1_0, i64 %state_C_1_1, i64 %state_C_2_0, i64 %state_C_2_1, i64 %state_C_3_0, i64 %state_C_3_1, i64 %state_C_4_0, i64 %state_C_4_1, i64 %state_C_5_0, i64 %state_C_5_1, i64 %k1_phi1, i64 %k1_phi1_1, i64 %k1_phi2, i64 %k1_phi2_1, i64 %k1_C, i64 %k1_C_1, i64 %k1_C_2, i64 %k1_C_3, i64 %k1_C_4, i64 %k1_C_5, i64 %k1_C_6, i64 %k1_C_7, i64 %k1_C_8, i64 %k1_C_9, i64 %k1_C_10, i64 %k1_C_11"
neutronics_kernel,43,43,43,1,other,Other,,"_ZN9msr_vitis25precursor_inlet_from_loopERKNS_12KernelParamsERKNS_16PrecursorHistoryEPd.exit:6 %mul = dmul i64 %params_outer_dt_val_read, i64 0.5"
neutronics_kernel,43,43,43,2,user_call,User call,neutronics_rhs,"_ZN9msr_vitis25precursor_inlet_from_loopERKNS_12KernelParamsERKNS_16PrecursorHistoryEPd.exit:7 %call_ln753 = call void @neutronics_rhs, i64 %params_dz_val4_read, i64 %params_u_precursor_val8_read, i64 %params_Beta_val12_read, i64 %params_beta_0_val16_read, i64 %params_beta_1_val20_read, i64 %params_beta_2_val24_read, i64 %params_beta_3_val28_read, i64 %params_beta_4_val33_read, i64 %params_beta_5_val37_read, i64 %params_lambda_i_0_val_read, i64 %params_lambda_i_1_val_read, i64 %params_lambda_i_2_val_read, i64 %params_lambda_i_3_val_read, i64 %params_lambda_i_4_val_read, i64 %params_lambda_i_5_val_read, i64 %params_neutron_velocity_0_val65_read, i64 %params_neutron_velocity_1_val69_read, i64 %params_chi_p_0_val73_read, i64 %params_chi_p_1_val77_read, i64 %params_chi_d_0_val81_read, i64 %params_chi_d_1_val85_read, i64 %params_d_e_0_val89_read, i64 %params_d_e_1_val93_read, i64 %xs_D_0_0, i64 %xs_D_0_1, i64 %xs_D_1_0, i64 %xs_D_1_1, i64 %xs_sigma_s12_0, i64 %xs_sigma_s12_1, i64 %xs_nu_sigma_f_0_0, i64 %xs_nu_sigma_f_0_1, i64 %xs_nu_sigma_f_1_0, i64 %xs_nu_sigma_f_1_1, i64 %xs_sigma_r_0_0, i64 %xs_sigma_r_0_1, i64 %xs_sigma_r_1_0, i64 %xs_sigma_r_1_1, i64 %precursor_inlet_12, i64 %precursor_inlet_13, i64 %precursor_inlet_14, i64 %precursor_inlet_15, i64 %precursor_inlet_16, i64 %precursor_inlet_17, i64 %state_phi1_0, i64 %state_phi1_1, i64 %state_phi2_0, i64 %state_phi2_1, i64 %state_C_0_0, i64 %state_C_0_1, i64 %state_C_1_0, i64 %state_C_1_1, i64 %state_C_2_0, i64 %state_C_2_1, i64 %state_C_3_0, i64 %state_C_3_1, i64 %state_C_4_0, i64 %state_C_4_1, i64 %state_C_5_0, i64 %state_C_5_1, i64 %k1_phi1, i64 %k1_phi1_1, i64 %k1_phi2, i64 %k1_phi2_1, i64 %k1_C, i64 %k1_C_1, i64 %k1_C_2, i64 %k1_C_3, i64 %k1_C_4, i64 %k1_C_5, i64 %k1_C_6, i64 %k1_C_7, i64 %k1_C_8, i64 %k1_C_9, i64 %k1_C_10, i64 %k1_C_11"
neutronics_kernel,44,44,44,1,other,Other,,"_ZN9msr_vitis25precursor_inlet_from_loopERKNS_12KernelParamsERKNS_16PrecursorHistoryEPd.exit:6 %mul = dmul i64 %params_outer_dt_val_read, i64 0.5"
neutronics_kernel,44,44,44,2,user_call,User call,load_neutronics_stage,"_ZN9msr_vitis25precursor_inlet_from_loopERKNS_12KernelParamsERKNS_16PrecursorHistoryEPd.exit:8 %call_ln754 = call void @load_neutronics_stage, i64 %mul, i64 %state_phi1_0, i64 %state_phi1_1, i64 %state_phi2_0, i64 %state_phi2_1, i64 %state_C_0_0, i64 %state_C_0_1, i64 %state_C_1_0, i64 %state_C_1_1, i64 %state_C_2_0, i64 %state_C_2_1, i64 %state_C_3_0, i64 %state_C_3_1, i64 %state_C_4_0, i64 %state_C_4_1, i64 %state_C_5_0, i64 %state_C_5_1, i64 %k1_phi1, i64 %k1_phi1_1, i64 %k1_phi2, i64 %k1_phi2_1, i64 %k1_C, i64 %k1_C_1, i64 %k1_C_2, i64 %k1_C_3, i64 %k1_C_4, i64 %k1_C_5, i64 %k1_C_6, i64 %k1_C_7, i64 %k1_C_8, i64 %k1_C_9, i64 %k1_C_10, i64 %k1_C_11, i64 %phi1_stage, i64 %phi1_stage_1, i64 %phi2_stage, i64 %phi2_stage_1, i64 %C_stage, i64 %C_stage_1, i64 %C_stage_2, i64 %C_stage_3, i64 %C_stage_4, i64 %C_stage_5, i64 %C_stage_6, i64 %C_stage_7, i64 %C_stage_8, i64 %C_stage_9, i64 %C_stage_10, i64 %C_stage_11"
neutronics_kernel,45,45,45,1,user_call,User call,load_neutronics_stage,"_ZN9msr_vitis25precursor_inlet_from_loopERKNS_12KernelParamsERKNS_16PrecursorHistoryEPd.exit:8 %call_ln754 = call void @load_neutronics_stage, i64 %mul, i64 %state_phi1_0, i64 %state_phi1_1, i64 %state_phi2_0, i64 %state_phi2_1, i64 %state_C_0_0, i64 %state_C_0_1, i64 %state_C_1_0, i64 %state_C_1_1, i64 %state_C_2_0, i64 %state_C_2_1, i64 %state_C_3_0, i64 %state_C_3_1, i64 %state_C_4_0, i64 %state_C_4_1, i64 %state_C_5_0, i64 %state_C_5_1, i64 %k1_phi1, i64 %k1_phi1_1, i64 %k1_phi2, i64 %k1_phi2_1, i64 %k1_C, i64 %k1_C_1, i64 %k1_C_2, i64 %k1_C_3, i64 %k1_C_4, i64 %k1_C_5, i64 %k1_C_6, i64 %k1_C_7, i64 %k1_C_8, i64 %k1_C_9, i64 %k1_C_10, i64 %k1_C_11, i64 %phi1_stage, i64 %phi1_stage_1, i64 %phi2_stage, i64 %phi2_stage_1, i64 %C_stage, i64 %C_stage_1, i64 %C_stage_2, i64 %C_stage_3, i64 %C_stage_4, i64 %C_stage_5, i64 %C_stage_6, i64 %C_stage_7, i64 %C_stage_8, i64 %C_stage_9, i64 %C_stage_10, i64 %C_stage_11"
neutronics_kernel,46,46,46,1,user_call,User call,neutronics_rhs,"_ZN9msr_vitis25precursor_inlet_from_loopERKNS_12KernelParamsERKNS_16PrecursorHistoryEPd.exit:9 %call_ln755 = call void @neutronics_rhs, i64 %params_dz_val4_read, i64 %params_u_precursor_val8_read, i64 %params_Beta_val12_read, i64 %params_beta_0_val16_read, i64 %params_beta_1_val20_read, i64 %params_beta_2_val24_read, i64 %params_beta_3_val28_read, i64 %params_beta_4_val33_read, i64 %params_beta_5_val37_read, i64 %params_lambda_i_0_val_read, i64 %params_lambda_i_1_val_read, i64 %params_lambda_i_2_val_read, i64 %params_lambda_i_3_val_read, i64 %params_lambda_i_4_val_read, i64 %params_lambda_i_5_val_read, i64 %params_neutron_velocity_0_val65_read, i64 %params_neutron_velocity_1_val69_read, i64 %params_chi_p_0_val73_read, i64 %params_chi_p_1_val77_read, i64 %params_chi_d_0_val81_read, i64 %params_chi_d_1_val85_read, i64 %params_d_e_0_val89_read, i64 %params_d_e_1_val93_read, i64 %xs_D_0_0, i64 %xs_D_0_1, i64 %xs_D_1_0, i64 %xs_D_1_1, i64 %xs_sigma_s12_0, i64 %xs_sigma_s12_1, i64 %xs_nu_sigma_f_0_0, i64 %xs_nu_sigma_f_0_1, i64 %xs_nu_sigma_f_1_0, i64 %xs_nu_sigma_f_1_1, i64 %xs_sigma_r_0_0, i64 %xs_sigma_r_0_1, i64 %xs_sigma_r_1_0, i64 %xs_sigma_r_1_1, i64 %precursor_inlet_12, i64 %precursor_inlet_13, i64 %precursor_inlet_14, i64 %precursor_inlet_15, i64 %precursor_inlet_16, i64 %precursor_inlet_17, i64 %phi1_stage, i64 %phi1_stage_1, i64 %phi2_stage, i64 %phi2_stage_1, i64 %C_stage, i64 %C_stage_1, i64 %C_stage_2, i64 %C_stage_3, i64 %C_stage_4, i64 %C_stage_5, i64 %C_stage_6, i64 %C_stage_7, i64 %C_stage_8, i64 %C_stage_9, i64 %C_stage_10, i64 %C_stage_11, i64 %k2_phi1, i64 %k2_phi1_1, i64 %k2_phi2, i64 %k2_phi2_1, i64 %k2_C, i64 %k2_C_1, i64 %k2_C_2, i64 %k2_C_3, i64 %k2_C_4, i64 %k2_C_5, i64 %k2_C_6, i64 %k2_C_7, i64 %k2_C_8, i64 %k2_C_9, i64 %k2_C_10, i64 %k2_C_11"
neutronics_kernel,47,47,47,1,user_call,User call,neutronics_rhs,"_ZN9msr_vitis25precursor_inlet_from_loopERKNS_12KernelParamsERKNS_16PrecursorHistoryEPd.exit:9 %call_ln755 = call void @neutronics_rhs, i64 %params_dz_val4_read, i64 %params_u_precursor_val8_read, i64 %params_Beta_val12_read, i64 %params_beta_0_val16_read, i64 %params_beta_1_val20_read, i64 %params_beta_2_val24_read, i64 %params_beta_3_val28_read, i64 %params_beta_4_val33_read, i64 %params_beta_5_val37_read, i64 %params_lambda_i_0_val_read, i64 %params_lambda_i_1_val_read, i64 %params_lambda_i_2_val_read, i64 %params_lambda_i_3_val_read, i64 %params_lambda_i_4_val_read, i64 %params_lambda_i_5_val_read, i64 %params_neutron_velocity_0_val65_read, i64 %params_neutron_velocity_1_val69_read, i64 %params_chi_p_0_val73_read, i64 %params_chi_p_1_val77_read, i64 %params_chi_d_0_val81_read, i64 %params_chi_d_1_val85_read, i64 %params_d_e_0_val89_read, i64 %params_d_e_1_val93_read, i64 %xs_D_0_0, i64 %xs_D_0_1, i64 %xs_D_1_0, i64 %xs_D_1_1, i64 %xs_sigma_s12_0, i64 %xs_sigma_s12_1, i64 %xs_nu_sigma_f_0_0, i64 %xs_nu_sigma_f_0_1, i64 %xs_nu_sigma_f_1_0, i64 %xs_nu_sigma_f_1_1, i64 %xs_sigma_r_0_0, i64 %xs_sigma_r_0_1, i64 %xs_sigma_r_1_0, i64 %xs_sigma_r_1_1, i64 %precursor_inlet_12, i64 %precursor_inlet_13, i64 %precursor_inlet_14, i64 %precursor_inlet_15, i64 %precursor_inlet_16, i64 %precursor_inlet_17, i64 %phi1_stage, i64 %phi1_stage_1, i64 %phi2_stage, i64 %phi2_stage_1, i64 %C_stage, i64 %C_stage_1, i64 %C_stage_2, i64 %C_stage_3, i64 %C_stage_4, i64 %C_stage_5, i64 %C_stage_6, i64 %C_stage_7, i64 %C_stage_8, i64 %C_stage_9, i64 %C_stage_10, i64 %C_stage_11, i64 %k2_phi1, i64 %k2_phi1_1, i64 %k2_phi2, i64 %k2_phi2_1, i64 %k2_C, i64 %k2_C_1, i64 %k2_C_2, i64 %k2_C_3, i64 %k2_C_4, i64 %k2_C_5, i64 %k2_C_6, i64 %k2_C_7, i64 %k2_C_8, i64 %k2_C_9, i64 %k2_C_10, i64 %k2_C_11"
neutronics_kernel,48,48,48,1,user_call,User call,load_neutronics_stage,"_ZN9msr_vitis25precursor_inlet_from_loopERKNS_12KernelParamsERKNS_16PrecursorHistoryEPd.exit:10 %call_ln756 = call void @load_neutronics_stage, i64 %mul, i64 %state_phi1_0, i64 %state_phi1_1, i64 %state_phi2_0, i64 %state_phi2_1, i64 %state_C_0_0, i64 %state_C_0_1, i64 %state_C_1_0, i64 %state_C_1_1, i64 %state_C_2_0, i64 %state_C_2_1, i64 %state_C_3_0, i64 %state_C_3_1, i64 %state_C_4_0, i64 %state_C_4_1, i64 %state_C_5_0, i64 %state_C_5_1, i64 %k2_phi1, i64 %k2_phi1_1, i64 %k2_phi2, i64 %k2_phi2_1, i64 %k2_C, i64 %k2_C_1, i64 %k2_C_2, i64 %k2_C_3, i64 %k2_C_4, i64 %k2_C_5, i64 %k2_C_6, i64 %k2_C_7, i64 %k2_C_8, i64 %k2_C_9, i64 %k2_C_10, i64 %k2_C_11, i64 %phi1_stage, i64 %phi1_stage_1, i64 %phi2_stage, i64 %phi2_stage_1, i64 %C_stage, i64 %C_stage_1, i64 %C_stage_2, i64 %C_stage_3, i64 %C_stage_4, i64 %C_stage_5, i64 %C_stage_6, i64 %C_stage_7, i64 %C_stage_8, i64 %C_stage_9, i64 %C_stage_10, i64 %C_stage_11"
neutronics_kernel,49,49,49,1,user_call,User call,load_neutronics_stage,"_ZN9msr_vitis25precursor_inlet_from_loopERKNS_12KernelParamsERKNS_16PrecursorHistoryEPd.exit:10 %call_ln756 = call void @load_neutronics_stage, i64 %mul, i64 %state_phi1_0, i64 %state_phi1_1, i64 %state_phi2_0, i64 %state_phi2_1, i64 %state_C_0_0, i64 %state_C_0_1, i64 %state_C_1_0, i64 %state_C_1_1, i64 %state_C_2_0, i64 %state_C_2_1, i64 %state_C_3_0, i64 %state_C_3_1, i64 %state_C_4_0, i64 %state_C_4_1, i64 %state_C_5_0, i64 %state_C_5_1, i64 %k2_phi1, i64 %k2_phi1_1, i64 %k2_phi2, i64 %k2_phi2_1, i64 %k2_C, i64 %k2_C_1, i64 %k2_C_2, i64 %k2_C_3, i64 %k2_C_4, i64 %k2_C_5, i64 %k2_C_6, i64 %k2_C_7, i64 %k2_C_8, i64 %k2_C_9, i64 %k2_C_10, i64 %k2_C_11, i64 %phi1_stage, i64 %phi1_stage_1, i64 %phi2_stage, i64 %phi2_stage_1, i64 %C_stage, i64 %C_stage_1, i64 %C_stage_2, i64 %C_stage_3, i64 %C_stage_4, i64 %C_stage_5, i64 %C_stage_6, i64 %C_stage_7, i64 %C_stage_8, i64 %C_stage_9, i64 %C_stage_10, i64 %C_stage_11"
neutronics_kernel,50,50,50,1,user_call,User call,neutronics_rhs,"_ZN9msr_vitis25precursor_inlet_from_loopERKNS_12KernelParamsERKNS_16PrecursorHistoryEPd.exit:11 %call_ln757 = call void @neutronics_rhs, i64 %params_dz_val4_read, i64 %params_u_precursor_val8_read, i64 %params_Beta_val12_read, i64 %params_beta_0_val16_read, i64 %params_beta_1_val20_read, i64 %params_beta_2_val24_read, i64 %params_beta_3_val28_read, i64 %params_beta_4_val33_read, i64 %params_beta_5_val37_read, i64 %params_lambda_i_0_val_read, i64 %params_lambda_i_1_val_read, i64 %params_lambda_i_2_val_read, i64 %params_lambda_i_3_val_read, i64 %params_lambda_i_4_val_read, i64 %params_lambda_i_5_val_read, i64 %params_neutron_velocity_0_val65_read, i64 %params_neutron_velocity_1_val69_read, i64 %params_chi_p_0_val73_read, i64 %params_chi_p_1_val77_read, i64 %params_chi_d_0_val81_read, i64 %params_chi_d_1_val85_read, i64 %params_d_e_0_val89_read, i64 %params_d_e_1_val93_read, i64 %xs_D_0_0, i64 %xs_D_0_1, i64 %xs_D_1_0, i64 %xs_D_1_1, i64 %xs_sigma_s12_0, i64 %xs_sigma_s12_1, i64 %xs_nu_sigma_f_0_0, i64 %xs_nu_sigma_f_0_1, i64 %xs_nu_sigma_f_1_0, i64 %xs_nu_sigma_f_1_1, i64 %xs_sigma_r_0_0, i64 %xs_sigma_r_0_1, i64 %xs_sigma_r_1_0, i64 %xs_sigma_r_1_1, i64 %precursor_inlet_12, i64 %precursor_inlet_13, i64 %precursor_inlet_14, i64 %precursor_inlet_15, i64 %precursor_inlet_16, i64 %precursor_inlet_17, i64 %phi1_stage, i64 %phi1_stage_1, i64 %phi2_stage, i64 %phi2_stage_1, i64 %C_stage, i64 %C_stage_1, i64 %C_stage_2, i64 %C_stage_3, i64 %C_stage_4, i64 %C_stage_5, i64 %C_stage_6, i64 %C_stage_7, i64 %C_stage_8, i64 %C_stage_9, i64 %C_stage_10, i64 %C_stage_11, i64 %k3_phi1, i64 %k3_phi1_1, i64 %k3_phi2, i64 %k3_phi2_1, i64 %k3_C, i64 %k3_C_1, i64 %k3_C_2, i64 %k3_C_3, i64 %k3_C_4, i64 %k3_C_5, i64 %k3_C_6, i64 %k3_C_7, i64 %k3_C_8, i64 %k3_C_9, i64 %k3_C_10, i64 %k3_C_11"
neutronics_kernel,51,51,51,1,user_call,User call,neutronics_rhs,"_ZN9msr_vitis25precursor_inlet_from_loopERKNS_12KernelParamsERKNS_16PrecursorHistoryEPd.exit:11 %call_ln757 = call void @neutronics_rhs, i64 %params_dz_val4_read, i64 %params_u_precursor_val8_read, i64 %params_Beta_val12_read, i64 %params_beta_0_val16_read, i64 %params_beta_1_val20_read, i64 %params_beta_2_val24_read, i64 %params_beta_3_val28_read, i64 %params_beta_4_val33_read, i64 %params_beta_5_val37_read, i64 %params_lambda_i_0_val_read, i64 %params_lambda_i_1_val_read, i64 %params_lambda_i_2_val_read, i64 %params_lambda_i_3_val_read, i64 %params_lambda_i_4_val_read, i64 %params_lambda_i_5_val_read, i64 %params_neutron_velocity_0_val65_read, i64 %params_neutron_velocity_1_val69_read, i64 %params_chi_p_0_val73_read, i64 %params_chi_p_1_val77_read, i64 %params_chi_d_0_val81_read, i64 %params_chi_d_1_val85_read, i64 %params_d_e_0_val89_read, i64 %params_d_e_1_val93_read, i64 %xs_D_0_0, i64 %xs_D_0_1, i64 %xs_D_1_0, i64 %xs_D_1_1, i64 %xs_sigma_s12_0, i64 %xs_sigma_s12_1, i64 %xs_nu_sigma_f_0_0, i64 %xs_nu_sigma_f_0_1, i64 %xs_nu_sigma_f_1_0, i64 %xs_nu_sigma_f_1_1, i64 %xs_sigma_r_0_0, i64 %xs_sigma_r_0_1, i64 %xs_sigma_r_1_0, i64 %xs_sigma_r_1_1, i64 %precursor_inlet_12, i64 %precursor_inlet_13, i64 %precursor_inlet_14, i64 %precursor_inlet_15, i64 %precursor_inlet_16, i64 %precursor_inlet_17, i64 %phi1_stage, i64 %phi1_stage_1, i64 %phi2_stage, i64 %phi2_stage_1, i64 %C_stage, i64 %C_stage_1, i64 %C_stage_2, i64 %C_stage_3, i64 %C_stage_4, i64 %C_stage_5, i64 %C_stage_6, i64 %C_stage_7, i64 %C_stage_8, i64 %C_stage_9, i64 %C_stage_10, i64 %C_stage_11, i64 %k3_phi1, i64 %k3_phi1_1, i64 %k3_phi2, i64 %k3_phi2_1, i64 %k3_C, i64 %k3_C_1, i64 %k3_C_2, i64 %k3_C_3, i64 %k3_C_4, i64 %k3_C_5, i64 %k3_C_6, i64 %k3_C_7, i64 %k3_C_8, i64 %k3_C_9, i64 %k3_C_10, i64 %k3_C_11"
neutronics_kernel,52,52,52,1,user_call,User call,load_neutronics_stage,"_ZN9msr_vitis25precursor_inlet_from_loopERKNS_12KernelParamsERKNS_16PrecursorHistoryEPd.exit:12 %call_ln758 = call void @load_neutronics_stage, i64 %params_outer_dt_val_read, i64 %state_phi1_0, i64 %state_phi1_1, i64 %state_phi2_0, i64 %state_phi2_1, i64 %state_C_0_0, i64 %state_C_0_1, i64 %state_C_1_0, i64 %state_C_1_1, i64 %state_C_2_0, i64 %state_C_2_1, i64 %state_C_3_0, i64 %state_C_3_1, i64 %state_C_4_0, i64 %state_C_4_1, i64 %state_C_5_0, i64 %state_C_5_1, i64 %k3_phi1, i64 %k3_phi1_1, i64 %k3_phi2, i64 %k3_phi2_1, i64 %k3_C, i64 %k3_C_1, i64 %k3_C_2, i64 %k3_C_3, i64 %k3_C_4, i64 %k3_C_5, i64 %k3_C_6, i64 %k3_C_7, i64 %k3_C_8, i64 %k3_C_9, i64 %k3_C_10, i64 %k3_C_11, i64 %phi1_stage, i64 %phi1_stage_1, i64 %phi2_stage, i64 %phi2_stage_1, i64 %C_stage, i64 %C_stage_1, i64 %C_stage_2, i64 %C_stage_3, i64 %C_stage_4, i64 %C_stage_5, i64 %C_stage_6, i64 %C_stage_7, i64 %C_stage_8, i64 %C_stage_9, i64 %C_stage_10, i64 %C_stage_11"
neutronics_kernel,53,53,53,1,user_call,User call,load_neutronics_stage,"_ZN9msr_vitis25precursor_inlet_from_loopERKNS_12KernelParamsERKNS_16PrecursorHistoryEPd.exit:12 %call_ln758 = call void @load_neutronics_stage, i64 %params_outer_dt_val_read, i64 %state_phi1_0, i64 %state_phi1_1, i64 %state_phi2_0, i64 %state_phi2_1, i64 %state_C_0_0, i64 %state_C_0_1, i64 %state_C_1_0, i64 %state_C_1_1, i64 %state_C_2_0, i64 %state_C_2_1, i64 %state_C_3_0, i64 %state_C_3_1, i64 %state_C_4_0, i64 %state_C_4_1, i64 %state_C_5_0, i64 %state_C_5_1, i64 %k3_phi1, i64 %k3_phi1_1, i64 %k3_phi2, i64 %k3_phi2_1, i64 %k3_C, i64 %k3_C_1, i64 %k3_C_2, i64 %k3_C_3, i64 %k3_C_4, i64 %k3_C_5, i64 %k3_C_6, i64 %k3_C_7, i64 %k3_C_8, i64 %k3_C_9, i64 %k3_C_10, i64 %k3_C_11, i64 %phi1_stage, i64 %phi1_stage_1, i64 %phi2_stage, i64 %phi2_stage_1, i64 %C_stage, i64 %C_stage_1, i64 %C_stage_2, i64 %C_stage_3, i64 %C_stage_4, i64 %C_stage_5, i64 %C_stage_6, i64 %C_stage_7, i64 %C_stage_8, i64 %C_stage_9, i64 %C_stage_10, i64 %C_stage_11"
neutronics_kernel,54,54,54,1,user_call,User call,neutronics_rhs,"_ZN9msr_vitis25precursor_inlet_from_loopERKNS_12KernelParamsERKNS_16PrecursorHistoryEPd.exit:13 %call_ln759 = call void @neutronics_rhs, i64 %params_dz_val4_read, i64 %params_u_precursor_val8_read, i64 %params_Beta_val12_read, i64 %params_beta_0_val16_read, i64 %params_beta_1_val20_read, i64 %params_beta_2_val24_read, i64 %params_beta_3_val28_read, i64 %params_beta_4_val33_read, i64 %params_beta_5_val37_read, i64 %params_lambda_i_0_val_read, i64 %params_lambda_i_1_val_read, i64 %params_lambda_i_2_val_read, i64 %params_lambda_i_3_val_read, i64 %params_lambda_i_4_val_read, i64 %params_lambda_i_5_val_read, i64 %params_neutron_velocity_0_val65_read, i64 %params_neutron_velocity_1_val69_read, i64 %params_chi_p_0_val73_read, i64 %params_chi_p_1_val77_read, i64 %params_chi_d_0_val81_read, i64 %params_chi_d_1_val85_read, i64 %params_d_e_0_val89_read, i64 %params_d_e_1_val93_read, i64 %xs_D_0_0, i64 %xs_D_0_1, i64 %xs_D_1_0, i64 %xs_D_1_1, i64 %xs_sigma_s12_0, i64 %xs_sigma_s12_1, i64 %xs_nu_sigma_f_0_0, i64 %xs_nu_sigma_f_0_1, i64 %xs_nu_sigma_f_1_0, i64 %xs_nu_sigma_f_1_1, i64 %xs_sigma_r_0_0, i64 %xs_sigma_r_0_1, i64 %xs_sigma_r_1_0, i64 %xs_sigma_r_1_1, i64 %precursor_inlet_12, i64 %precursor_inlet_13, i64 %precursor_inlet_14, i64 %precursor_inlet_15, i64 %precursor_inlet_16, i64 %precursor_inlet_17, i64 %phi1_stage, i64 %phi1_stage_1, i64 %phi2_stage, i64 %phi2_stage_1, i64 %C_stage, i64 %C_stage_1, i64 %C_stage_2, i64 %C_stage_3, i64 %C_stage_4, i64 %C_stage_5, i64 %C_stage_6, i64 %C_stage_7, i64 %C_stage_8, i64 %C_stage_9, i64 %C_stage_10, i64 %C_stage_11, i64 %k4_phi1, i64 %k4_phi1_1, i64 %k4_phi2, i64 %k4_phi2_1, i64 %k4_C, i64 %k4_C_1, i64 %k4_C_2, i64 %k4_C_3, i64 %k4_C_4, i64 %k4_C_5, i64 %k4_C_6, i64 %k4_C_7, i64 %k4_C_8, i64 %k4_C_9, i64 %k4_C_10, i64 %k4_C_11"
neutronics_kernel,55,55,55,1,user_call,User call,neutronics_rhs,"_ZN9msr_vitis25precursor_inlet_from_loopERKNS_12KernelParamsERKNS_16PrecursorHistoryEPd.exit:13 %call_ln759 = call void @neutronics_rhs, i64 %params_dz_val4_read, i64 %params_u_precursor_val8_read, i64 %params_Beta_val12_read, i64 %params_beta_0_val16_read, i64 %params_beta_1_val20_read, i64 %params_beta_2_val24_read, i64 %params_beta_3_val28_read, i64 %params_beta_4_val33_read, i64 %params_beta_5_val37_read, i64 %params_lambda_i_0_val_read, i64 %params_lambda_i_1_val_read, i64 %params_lambda_i_2_val_read, i64 %params_lambda_i_3_val_read, i64 %params_lambda_i_4_val_read, i64 %params_lambda_i_5_val_read, i64 %params_neutron_velocity_0_val65_read, i64 %params_neutron_velocity_1_val69_read, i64 %params_chi_p_0_val73_read, i64 %params_chi_p_1_val77_read, i64 %params_chi_d_0_val81_read, i64 %params_chi_d_1_val85_read, i64 %params_d_e_0_val89_read, i64 %params_d_e_1_val93_read, i64 %xs_D_0_0, i64 %xs_D_0_1, i64 %xs_D_1_0, i64 %xs_D_1_1, i64 %xs_sigma_s12_0, i64 %xs_sigma_s12_1, i64 %xs_nu_sigma_f_0_0, i64 %xs_nu_sigma_f_0_1, i64 %xs_nu_sigma_f_1_0, i64 %xs_nu_sigma_f_1_1, i64 %xs_sigma_r_0_0, i64 %xs_sigma_r_0_1, i64 %xs_sigma_r_1_0, i64 %xs_sigma_r_1_1, i64 %precursor_inlet_12, i64 %precursor_inlet_13, i64 %precursor_inlet_14, i64 %precursor_inlet_15, i64 %precursor_inlet_16, i64 %precursor_inlet_17, i64 %phi1_stage, i64 %phi1_stage_1, i64 %phi2_stage, i64 %phi2_stage_1, i64 %C_stage, i64 %C_stage_1, i64 %C_stage_2, i64 %C_stage_3, i64 %C_stage_4, i64 %C_stage_5, i64 %C_stage_6, i64 %C_stage_7, i64 %C_stage_8, i64 %C_stage_9, i64 %C_stage_10, i64 %C_stage_11, i64 %k4_phi1, i64 %k4_phi1_1, i64 %k4_phi2, i64 %k4_phi2_1, i64 %k4_C, i64 %k4_C_1, i64 %k4_C_2, i64 %k4_C_3, i64 %k4_C_4, i64 %k4_C_5, i64 %k4_C_6, i64 %k4_C_7, i64 %k4_C_8, i64 %k4_C_9, i64 %k4_C_10, i64 %k4_C_11"
neutronics_kernel,56,56,56,1,user_call,User call,combine_neutronics,"_ZN9msr_vitis25precursor_inlet_from_loopERKNS_12KernelParamsERKNS_16PrecursorHistoryEPd.exit:14 %call_ln760 = call void @combine_neutronics, i64 %params_outer_dt_val_read, i64 %state_phi1_0, i64 %state_phi1_1, i64 %state_phi2_0, i64 %state_phi2_1, i64 %state_C_0_0, i64 %state_C_0_1, i64 %state_C_1_0, i64 %state_C_1_1, i64 %state_C_2_0, i64 %state_C_2_1, i64 %state_C_3_0, i64 %state_C_3_1, i64 %state_C_4_0, i64 %state_C_4_1, i64 %state_C_5_0, i64 %state_C_5_1, i64 %k1_phi1, i64 %k1_phi1_1, i64 %k1_phi2, i64 %k1_phi2_1, i64 %k1_C, i64 %k1_C_1, i64 %k1_C_2, i64 %k1_C_3, i64 %k1_C_4, i64 %k1_C_5, i64 %k1_C_6, i64 %k1_C_7, i64 %k1_C_8, i64 %k1_C_9, i64 %k1_C_10, i64 %k1_C_11, i64 %k2_phi1, i64 %k2_phi1_1, i64 %k2_phi2, i64 %k2_phi2_1, i64 %k2_C, i64 %k2_C_1, i64 %k2_C_2, i64 %k2_C_3, i64 %k2_C_4, i64 %k2_C_5, i64 %k2_C_6, i64 %k2_C_7, i64 %k2_C_8, i64 %k2_C_9, i64 %k2_C_10, i64 %k2_C_11, i64 %k3_phi1, i64 %k3_phi1_1, i64 %k3_phi2, i64 %k3_phi2_1, i64 %k3_C, i64 %k3_C_1, i64 %k3_C_2, i64 %k3_C_3, i64 %k3_C_4, i64 %k3_C_5, i64 %k3_C_6, i64 %k3_C_7, i64 %k3_C_8, i64 %k3_C_9, i64 %k3_C_10, i64 %k3_C_11, i64 %k4_phi1, i64 %k4_phi1_1, i64 %k4_phi2, i64 %k4_phi2_1, i64 %k4_C, i64 %k4_C_1, i64 %k4_C_2, i64 %k4_C_3, i64 %k4_C_4, i64 %k4_C_5, i64 %k4_C_6, i64 %k4_C_7, i64 %k4_C_8, i64 %k4_C_9, i64 %k4_C_10, i64 %k4_C_11"
neutronics_kernel,57,57,57,1,user_call,User call,combine_neutronics,"_ZN9msr_vitis25precursor_inlet_from_loopERKNS_12KernelParamsERKNS_16PrecursorHistoryEPd.exit:14 %call_ln760 = call void @combine_neutronics, i64 %params_outer_dt_val_read, i64 %state_phi1_0, i64 %state_phi1_1, i64 %state_phi2_0, i64 %state_phi2_1, i64 %state_C_0_0, i64 %state_C_0_1, i64 %state_C_1_0, i64 %state_C_1_1, i64 %state_C_2_0, i64 %state_C_2_1, i64 %state_C_3_0, i64 %state_C_3_1, i64 %state_C_4_0, i64 %state_C_4_1, i64 %state_C_5_0, i64 %state_C_5_1, i64 %k1_phi1, i64 %k1_phi1_1, i64 %k1_phi2, i64 %k1_phi2_1, i64 %k1_C, i64 %k1_C_1, i64 %k1_C_2, i64 %k1_C_3, i64 %k1_C_4, i64 %k1_C_5, i64 %k1_C_6, i64 %k1_C_7, i64 %k1_C_8, i64 %k1_C_9, i64 %k1_C_10, i64 %k1_C_11, i64 %k2_phi1, i64 %k2_phi1_1, i64 %k2_phi2, i64 %k2_phi2_1, i64 %k2_C, i64 %k2_C_1, i64 %k2_C_2, i64 %k2_C_3, i64 %k2_C_4, i64 %k2_C_5, i64 %k2_C_6, i64 %k2_C_7, i64 %k2_C_8, i64 %k2_C_9, i64 %k2_C_10, i64 %k2_C_11, i64 %k3_phi1, i64 %k3_phi1_1, i64 %k3_phi2, i64 %k3_phi2_1, i64 %k3_C, i64 %k3_C_1, i64 %k3_C_2, i64 %k3_C_3, i64 %k3_C_4, i64 %k3_C_5, i64 %k3_C_6, i64 %k3_C_7, i64 %k3_C_8, i64 %k3_C_9, i64 %k3_C_10, i64 %k3_C_11, i64 %k4_phi1, i64 %k4_phi1_1, i64 %k4_phi2, i64 %k4_phi2_1, i64 %k4_C, i64 %k4_C_1, i64 %k4_C_2, i64 %k4_C_3, i64 %k4_C_4, i64 %k4_C_5, i64 %k4_C_6, i64 %k4_C_7, i64 %k4_C_8, i64 %k4_C_9, i64 %k4_C_10, i64 %k4_C_11"
neutronics_kernel,58,58,58,1,user_call,User call,neutronics_kernel_Pipeline_VITIS_LOOP_619_1,"_ZN9msr_vitis25precursor_inlet_from_loopERKNS_12KernelParamsERKNS_16PrecursorHistoryEPd.exit:15 %call_ln0 = call void @neutronics_kernel_Pipeline_VITIS_LOOP_619_1, i64 %q_prime_1, i64 %q_prime_0, i64 %xs_sigma_f_0_0, i64 %xs_sigma_f_1_0, i64 %state_phi1_0, i64 %state_phi2_0, i64 %params_power_scale_val_read, i64 %params_A_f_0, i64 %xs_sigma_f_0_1, i64 %xs_sigma_f_1_1, i64 %state_phi1_1, i64 %state_phi2_1, i64 %params_A_f_1"
neutronics_kernel,58,58,58,2,other,Other,,"_ZN9msr_vitis25precursor_inlet_from_loopERKNS_12KernelParamsERKNS_16PrecursorHistoryEPd.exit:16 %state_C_0_1_addr = getelementptr i64 %state_C_0_1, i64 0, i64 99"
neutronics_kernel,58,58,58,3,other,Other,,"_ZN9msr_vitis25precursor_inlet_from_loopERKNS_12KernelParamsERKNS_16PrecursorHistoryEPd.exit:17 %state_C_1_1_addr = getelementptr i64 %state_C_1_1, i64 0, i64 99"
neutronics_kernel,58,58,58,4,other,Other,,_ZN9msr_vitis25precursor_inlet_from_loopERKNS_12KernelParamsERKNS_16PrecursorHistoryEPd.exit:22 %outlet = load i7 %state_C_0_1_addr
neutronics_kernel,58,58,58,5,other,Other,,_ZN9msr_vitis25precursor_inlet_from_loopERKNS_12KernelParamsERKNS_16PrecursorHistoryEPd.exit:23 %outlet_1 = load i7 %state_C_1_1_addr
neutronics_kernel,59,59,59,1,user_call,User call,neutronics_kernel_Pipeline_VITIS_LOOP_619_1,"_ZN9msr_vitis25precursor_inlet_from_loopERKNS_12KernelParamsERKNS_16PrecursorHistoryEPd.exit:15 %call_ln0 = call void @neutronics_kernel_Pipeline_VITIS_LOOP_619_1, i64 %q_prime_1, i64 %q_prime_0, i64 %xs_sigma_f_0_0, i64 %xs_sigma_f_1_0, i64 %state_phi1_0, i64 %state_phi2_0, i64 %params_power_scale_val_read, i64 %params_A_f_0, i64 %xs_sigma_f_0_1, i64 %xs_sigma_f_1_1, i64 %state_phi1_1, i64 %state_phi2_1, i64 %params_A_f_1"
neutronics_kernel,59,59,59,2,other,Other,,"_ZN9msr_vitis25precursor_inlet_from_loopERKNS_12KernelParamsERKNS_16PrecursorHistoryEPd.exit:18 %state_C_2_1_addr = getelementptr i64 %state_C_2_1, i64 0, i64 99"
neutronics_kernel,59,59,59,3,other,Other,,"_ZN9msr_vitis25precursor_inlet_from_loopERKNS_12KernelParamsERKNS_16PrecursorHistoryEPd.exit:19 %state_C_3_1_addr = getelementptr i64 %state_C_3_1, i64 0, i64 99"
neutronics_kernel,59,59,59,4,other,Other,,_ZN9msr_vitis25precursor_inlet_from_loopERKNS_12KernelParamsERKNS_16PrecursorHistoryEPd.exit:22 %outlet = load i7 %state_C_0_1_addr
neutronics_kernel,59,59,59,5,other,Other,,_ZN9msr_vitis25precursor_inlet_from_loopERKNS_12KernelParamsERKNS_16PrecursorHistoryEPd.exit:23 %outlet_1 = load i7 %state_C_1_1_addr
neutronics_kernel,59,59,59,6,other,Other,,_ZN9msr_vitis25precursor_inlet_from_loopERKNS_12KernelParamsERKNS_16PrecursorHistoryEPd.exit:24 %outlet_2 = load i7 %state_C_2_1_addr
neutronics_kernel,59,59,59,7,other,Other,,_ZN9msr_vitis25precursor_inlet_from_loopERKNS_12KernelParamsERKNS_16PrecursorHistoryEPd.exit:25 %outlet_3 = load i7 %state_C_3_1_addr
neutronics_kernel,59,59,59,8,other,Other,,_ZN9msr_vitis25precursor_inlet_from_loopERKNS_12KernelParamsERKNS_16PrecursorHistoryEPd.exit:28 %idxprom3_i = zext i32 %p_read_2
neutronics_kernel,59,59,59,9,other,Other,,_ZN9msr_vitis25precursor_inlet_from_loopERKNS_12KernelParamsERKNS_16PrecursorHistoryEPd.exit:29 %trunc_ln376 = trunc i32 %p_read_2
neutronics_kernel,59,59,59,10,other,Other,,"_ZN9msr_vitis25precursor_inlet_from_loopERKNS_12KernelParamsERKNS_16PrecursorHistoryEPd.exit:30 %state_precursor_history_outlet_history_addr = getelementptr i64 %state_precursor_history_outlet_history, i64 0, i64 %idxprom3_i"
neutronics_kernel,59,59,59,11,other,Other,,"_ZN9msr_vitis25precursor_inlet_from_loopERKNS_12KernelParamsERKNS_16PrecursorHistoryEPd.exit:31 %add_ln376 = add i9 %trunc_ln376, i9 64"
neutronics_kernel,59,59,59,12,other,Other,,_ZN9msr_vitis25precursor_inlet_from_loopERKNS_12KernelParamsERKNS_16PrecursorHistoryEPd.exit:32 %zext_ln376 = zext i9 %add_ln376
neutronics_kernel,59,59,59,13,other,Other,,"_ZN9msr_vitis25precursor_inlet_from_loopERKNS_12KernelParamsERKNS_16PrecursorHistoryEPd.exit:33 %state_precursor_history_outlet_history_addr_1 = getelementptr i64 %state_precursor_history_outlet_history, i64 0, i64 %zext_ln376"
neutronics_kernel,59,59,59,14,other,Other,,"_ZN9msr_vitis25precursor_inlet_from_loopERKNS_12KernelParamsERKNS_16PrecursorHistoryEPd.exit:46 %store_ln376 = store i64 %outlet, i9 %state_precursor_history_outlet_history_addr"
neutronics_kernel,59,59,59,15,other,Other,,"_ZN9msr_vitis25precursor_inlet_from_loopERKNS_12KernelParamsERKNS_16PrecursorHistoryEPd.exit:47 %state_precursor_history_last_outlet_addr_6 = getelementptr i64 %state_precursor_history_last_outlet, i64 0, i64 0"
neutronics_kernel,59,59,59,16,other,Other,,"_ZN9msr_vitis25precursor_inlet_from_loopERKNS_12KernelParamsERKNS_16PrecursorHistoryEPd.exit:48 %store_ln377 = store i64 %outlet, i3 %state_precursor_history_last_outlet_addr_6"
neutronics_kernel,59,59,59,17,other,Other,,"_ZN9msr_vitis25precursor_inlet_from_loopERKNS_12KernelParamsERKNS_16PrecursorHistoryEPd.exit:49 %store_ln376 = store i64 %outlet_1, i9 %state_precursor_history_outlet_history_addr_1"
neutronics_kernel,59,59,59,18,other,Other,,"_ZN9msr_vitis25precursor_inlet_from_loopERKNS_12KernelParamsERKNS_16PrecursorHistoryEPd.exit:50 %state_precursor_history_last_outlet_addr_7 = getelementptr i64 %state_precursor_history_last_outlet, i64 0, i64 1"
neutronics_kernel,59,59,59,19,other,Other,,"_ZN9msr_vitis25precursor_inlet_from_loopERKNS_12KernelParamsERKNS_16PrecursorHistoryEPd.exit:51 %store_ln377 = store i64 %outlet_1, i3 %state_precursor_history_last_outlet_addr_7"
neutronics_kernel,60,60,60,1,other,Other,,"_ZN9msr_vitis25precursor_inlet_from_loopERKNS_12KernelParamsERKNS_16PrecursorHistoryEPd.exit:20 %state_C_4_1_addr = getelementptr i64 %state_C_4_1, i64 0, i64 99"
neutronics_kernel,60,60,60,2,other,Other,,"_ZN9msr_vitis25precursor_inlet_from_loopERKNS_12KernelParamsERKNS_16PrecursorHistoryEPd.exit:21 %state_C_5_1_addr = getelementptr i64 %state_C_5_1, i64 0, i64 99"
neutronics_kernel,60,60,60,3,other,Other,,_ZN9msr_vitis25precursor_inlet_from_loopERKNS_12KernelParamsERKNS_16PrecursorHistoryEPd.exit:24 %outlet_2 = load i7 %state_C_2_1_addr
neutronics_kernel,60,60,60,4,other,Other,,_ZN9msr_vitis25precursor_inlet_from_loopERKNS_12KernelParamsERKNS_16PrecursorHistoryEPd.exit:25 %outlet_3 = load i7 %state_C_3_1_addr
neutronics_kernel,60,60,60,5,other,Other,,_ZN9msr_vitis25precursor_inlet_from_loopERKNS_12KernelParamsERKNS_16PrecursorHistoryEPd.exit:26 %outlet_4 = load i7 %state_C_4_1_addr
neutronics_kernel,60,60,60,6,other,Other,,_ZN9msr_vitis25precursor_inlet_from_loopERKNS_12KernelParamsERKNS_16PrecursorHistoryEPd.exit:27 %outlet_5 = load i7 %state_C_5_1_addr
neutronics_kernel,60,60,60,7,other,Other,,"_ZN9msr_vitis25precursor_inlet_from_loopERKNS_12KernelParamsERKNS_16PrecursorHistoryEPd.exit:34 %add_ln376_1 = add i9 %trunc_ln376, i9 128"
neutronics_kernel,60,60,60,8,other,Other,,_ZN9msr_vitis25precursor_inlet_from_loopERKNS_12KernelParamsERKNS_16PrecursorHistoryEPd.exit:35 %zext_ln376_1 = zext i9 %add_ln376_1
neutronics_kernel,60,60,60,9,other,Other,,"_ZN9msr_vitis25precursor_inlet_from_loopERKNS_12KernelParamsERKNS_16PrecursorHistoryEPd.exit:36 %state_precursor_history_outlet_history_addr_2 = getelementptr i64 %state_precursor_history_outlet_history, i64 0, i64 %zext_ln376_1"
neutronics_kernel,60,60,60,10,other,Other,,"_ZN9msr_vitis25precursor_inlet_from_loopERKNS_12KernelParamsERKNS_16PrecursorHistoryEPd.exit:37 %add_ln376_2 = add i9 %trunc_ln376, i9 192"
neutronics_kernel,60,60,60,11,other,Other,,_ZN9msr_vitis25precursor_inlet_from_loopERKNS_12KernelParamsERKNS_16PrecursorHistoryEPd.exit:38 %zext_ln376_2 = zext i9 %add_ln376_2
neutronics_kernel,60,60,60,12,other,Other,,"_ZN9msr_vitis25precursor_inlet_from_loopERKNS_12KernelParamsERKNS_16PrecursorHistoryEPd.exit:39 %state_precursor_history_outlet_history_addr_3 = getelementptr i64 %state_precursor_history_outlet_history, i64 0, i64 %zext_ln376_2"
neutronics_kernel,60,60,60,13,other,Other,,"_ZN9msr_vitis25precursor_inlet_from_loopERKNS_12KernelParamsERKNS_16PrecursorHistoryEPd.exit:52 %store_ln376 = store i64 %outlet_2, i9 %state_precursor_history_outlet_history_addr_2"
neutronics_kernel,60,60,60,14,other,Other,,"_ZN9msr_vitis25precursor_inlet_from_loopERKNS_12KernelParamsERKNS_16PrecursorHistoryEPd.exit:53 %state_precursor_history_last_outlet_addr_8 = getelementptr i64 %state_precursor_history_last_outlet, i64 0, i64 2"
neutronics_kernel,60,60,60,15,other,Other,,"_ZN9msr_vitis25precursor_inlet_from_loopERKNS_12KernelParamsERKNS_16PrecursorHistoryEPd.exit:54 %store_ln377 = store i64 %outlet_2, i3 %state_precursor_history_last_outlet_addr_8"
neutronics_kernel,60,60,60,16,other,Other,,"_ZN9msr_vitis25precursor_inlet_from_loopERKNS_12KernelParamsERKNS_16PrecursorHistoryEPd.exit:55 %store_ln376 = store i64 %outlet_3, i9 %state_precursor_history_outlet_history_addr_3"
neutronics_kernel,60,60,60,17,other,Other,,"_ZN9msr_vitis25precursor_inlet_from_loopERKNS_12KernelParamsERKNS_16PrecursorHistoryEPd.exit:56 %state_precursor_history_last_outlet_addr_9 = getelementptr i64 %state_precursor_history_last_outlet, i64 0, i64 3"
neutronics_kernel,60,60,60,18,other,Other,,"_ZN9msr_vitis25precursor_inlet_from_loopERKNS_12KernelParamsERKNS_16PrecursorHistoryEPd.exit:57 %store_ln377 = store i64 %outlet_3, i3 %state_precursor_history_last_outlet_addr_9"
neutronics_kernel,61,61,61,1,other,Other,,_ZN9msr_vitis25precursor_inlet_from_loopERKNS_12KernelParamsERKNS_16PrecursorHistoryEPd.exit:26 %outlet_4 = load i7 %state_C_4_1_addr
neutronics_kernel,61,61,61,2,other,Other,,_ZN9msr_vitis25precursor_inlet_from_loopERKNS_12KernelParamsERKNS_16PrecursorHistoryEPd.exit:27 %outlet_5 = load i7 %state_C_5_1_addr
neutronics_kernel,61,61,61,3,other,Other,,"_ZN9msr_vitis25precursor_inlet_from_loopERKNS_12KernelParamsERKNS_16PrecursorHistoryEPd.exit:40 %xor_ln376 = xor i9 %trunc_ln376, i9 256"
neutronics_kernel,61,61,61,4,other,Other,,_ZN9msr_vitis25precursor_inlet_from_loopERKNS_12KernelParamsERKNS_16PrecursorHistoryEPd.exit:41 %zext_ln376_3 = zext i9 %xor_ln376
neutronics_kernel,61,61,61,5,other,Other,,"_ZN9msr_vitis25precursor_inlet_from_loopERKNS_12KernelParamsERKNS_16PrecursorHistoryEPd.exit:42 %state_precursor_history_outlet_history_addr_4 = getelementptr i64 %state_precursor_history_outlet_history, i64 0, i64 %zext_ln376_3"
neutronics_kernel,61,61,61,6,other,Other,,"_ZN9msr_vitis25precursor_inlet_from_loopERKNS_12KernelParamsERKNS_16PrecursorHistoryEPd.exit:43 %add_ln376_3 = add i9 %trunc_ln376, i9 320"
neutronics_kernel,61,61,61,7,other,Other,,_ZN9msr_vitis25precursor_inlet_from_loopERKNS_12KernelParamsERKNS_16PrecursorHistoryEPd.exit:44 %zext_ln376_4 = zext i9 %add_ln376_3
neutronics_kernel,61,61,61,8,other,Other,,"_ZN9msr_vitis25precursor_inlet_from_loopERKNS_12KernelParamsERKNS_16PrecursorHistoryEPd.exit:45 %state_precursor_history_outlet_history_addr_5 = getelementptr i64 %state_precursor_history_outlet_history, i64 0, i64 %zext_ln376_4"
neutronics_kernel,61,61,61,9,other,Other,,"_ZN9msr_vitis25precursor_inlet_from_loopERKNS_12KernelParamsERKNS_16PrecursorHistoryEPd.exit:58 %store_ln376 = store i64 %outlet_4, i9 %state_precursor_history_outlet_history_addr_4"
neutronics_kernel,61,61,61,10,other,Other,,"_ZN9msr_vitis25precursor_inlet_from_loopERKNS_12KernelParamsERKNS_16PrecursorHistoryEPd.exit:59 %state_precursor_history_last_outlet_addr_10 = getelementptr i64 %state_precursor_history_last_outlet, i64 0, i64 4"
neutronics_kernel,61,61,61,11,other,Other,,"_ZN9msr_vitis25precursor_inlet_from_loopERKNS_12KernelParamsERKNS_16PrecursorHistoryEPd.exit:60 %store_ln377 = store i64 %outlet_4, i3 %state_precursor_history_last_outlet_addr_10"
neutronics_kernel,61,61,61,12,other,Other,,"_ZN9msr_vitis25precursor_inlet_from_loopERKNS_12KernelParamsERKNS_16PrecursorHistoryEPd.exit:61 %store_ln376 = store i64 %outlet_5, i9 %state_precursor_history_outlet_history_addr_5"
neutronics_kernel,61,61,61,13,other,Other,,"_ZN9msr_vitis25precursor_inlet_from_loopERKNS_12KernelParamsERKNS_16PrecursorHistoryEPd.exit:62 %state_precursor_history_last_outlet_addr_11 = getelementptr i64 %state_precursor_history_last_outlet, i64 0, i64 5"
neutronics_kernel,61,61,61,14,other,Other,,"_ZN9msr_vitis25precursor_inlet_from_loopERKNS_12KernelParamsERKNS_16PrecursorHistoryEPd.exit:63 %store_ln377 = store i64 %outlet_5, i3 %state_precursor_history_last_outlet_addr_11"
neutronics_kernel,61,61,61,15,other,Other,,"_ZN9msr_vitis25precursor_inlet_from_loopERKNS_12KernelParamsERKNS_16PrecursorHistoryEPd.exit:64 %add_ln379 = add i32 %p_read_2, i32 1"
neutronics_kernel,61,61,61,16,other,Other,,"_ZN9msr_vitis25precursor_inlet_from_loopERKNS_12KernelParamsERKNS_16PrecursorHistoryEPd.exit:65 %tmp_7 = bitselect i1 @_ssdm_op_BitSelect.i1.i32.i32, i32 %add_ln379, i32 31"
neutronics_kernel,61,61,61,17,other,Other,,"_ZN9msr_vitis25precursor_inlet_from_loopERKNS_12KernelParamsERKNS_16PrecursorHistoryEPd.exit:66 %sub_ln298 = sub i32 4294967294, i32 %p_read_2"
neutronics_kernel,61,61,61,18,partselect,PartSelect,,"_ZN9msr_vitis25precursor_inlet_from_loopERKNS_12KernelParamsERKNS_16PrecursorHistoryEPd.exit:67 %tmp_5 = partselect i26 @_ssdm_op_PartSelect.i26.i32.i32.i32, i32 %sub_ln298, i32 6, i32 31"
neutronics_kernel,61,61,61,19,other,Other,,"_ZN9msr_vitis25precursor_inlet_from_loopERKNS_12KernelParamsERKNS_16PrecursorHistoryEPd.exit:68 %and_ln = bitconcatenate i32 @_ssdm_op_BitConcatenate.i32.i26.i6, i26 %tmp_5, i6 0"
neutronics_kernel,61,61,61,20,other,Other,,"_ZN9msr_vitis25precursor_inlet_from_loopERKNS_12KernelParamsERKNS_16PrecursorHistoryEPd.exit:69 %add_ln298 = add i32 %and_ln, i32 65"
neutronics_kernel,61,61,61,21,other,Other,,"_ZN9msr_vitis25precursor_inlet_from_loopERKNS_12KernelParamsERKNS_16PrecursorHistoryEPd.exit:70 %add_ln298_3 = add i32 %add_ln298, i32 %p_read_2"
neutronics_kernel,61,61,61,22,other,Other,,"_ZN9msr_vitis25precursor_inlet_from_loopERKNS_12KernelParamsERKNS_16PrecursorHistoryEPd.exit:71 %select_ln298 = select i1 %tmp_7, i32 %add_ln298_3, i32 %add_ln379"
neutronics_kernel,61,61,61,23,other,Other,,_ZN9msr_vitis25precursor_inlet_from_loopERKNS_12KernelParamsERKNS_16PrecursorHistoryEPd.exit:72 %trunc_ln297 = trunc i32 %select_ln298
neutronics_kernel,61,61,61,24,partselect,PartSelect,,"_ZN9msr_vitis25precursor_inlet_from_loopERKNS_12KernelParamsERKNS_16PrecursorHistoryEPd.exit:73 %tmp_8 = partselect i26 @_ssdm_op_PartSelect.i26.i32.i32.i32, i32 %select_ln298, i32 6, i32 31"
neutronics_kernel,61,61,61,25,other,Other,,"_ZN9msr_vitis25precursor_inlet_from_loopERKNS_12KernelParamsERKNS_16PrecursorHistoryEPd.exit:74 %icmp_ln301 = icmp_sgt i26 %tmp_8, i26 0"
neutronics_kernel,61,61,61,26,other,Other,,_ZN9msr_vitis25precursor_inlet_from_loopERKNS_12KernelParamsERKNS_16PrecursorHistoryEPd.exit:75 %zext_ln301 = zext i6 %trunc_ln297
neutronics_kernel,61,61,61,27,other,Other,,"_ZN9msr_vitis25precursor_inlet_from_loopERKNS_12KernelParamsERKNS_16PrecursorHistoryEPd.exit:76 %select_ln301 = select i1 %icmp_ln301, i32 %zext_ln301, i32 %select_ln298"
neutronics_kernel,61,61,61,28,partselect,PartSelect,,"_ZN9msr_vitis25precursor_inlet_from_loopERKNS_12KernelParamsERKNS_16PrecursorHistoryEPd.exit:77 %tmp_9 = partselect i26 @_ssdm_op_PartSelect.i26.i32.i32.i32, i32 %p_read_1, i32 6, i32 31"
neutronics_kernel,61,61,61,29,other,Other,,"_ZN9msr_vitis25precursor_inlet_from_loopERKNS_12KernelParamsERKNS_16PrecursorHistoryEPd.exit:78 %icmp_ln380 = icmp_slt i26 %tmp_9, i26 1"
neutronics_kernel,61,61,61,30,other,Other,,"_ZN9msr_vitis25precursor_inlet_from_loopERKNS_12KernelParamsERKNS_16PrecursorHistoryEPd.exit:79 %add_ln381 = add i32 %p_read_1, i32 1"
neutronics_kernel,61,61,61,31,other,Other,,"_ZN9msr_vitis25precursor_inlet_from_loopERKNS_12KernelParamsERKNS_16PrecursorHistoryEPd.exit:80 %select_ln380 = select i1 %icmp_ln380, i32 %add_ln381, i32 %p_read_1"
neutronics_kernel,61,61,61,32,other,Other,,"_ZN9msr_vitis25precursor_inlet_from_loopERKNS_12KernelParamsERKNS_16PrecursorHistoryEPd.exit:81 %mrv = insertvalue i64 <undef>, i32 %select_ln301"
neutronics_kernel,61,61,61,33,other,Other,,"_ZN9msr_vitis25precursor_inlet_from_loopERKNS_12KernelParamsERKNS_16PrecursorHistoryEPd.exit:82 %mrv_1 = insertvalue i64 %mrv, i32 %select_ln380"
neutronics_kernel,61,61,61,34,other,Other,,_ZN9msr_vitis25precursor_inlet_from_loopERKNS_12KernelParamsERKNS_16PrecursorHistoryEPd.exit:83 %ret_ln771 = ret i64 %mrv_1
